timestamp_ist,date_ist,minute_bucket_ist,minuteBucketIst,run_id,status,nifty_status,fetch_ms_total,error_message,rows_snapshot_appended,rows_strikes_appended
2026-08-05 09:15:00,2026-08-05 00:00:00,2026-08-05 09:15:00,2026-08-05 09:15:00,1,OK,OK,643,,1,17
2026-08-05 09:16:00,2026-08-05 00:00:00,2026-08-05 09:16:00,2026-08-05 09:16:00,2,OK,OK,288,,1,17
2026-08-05 09:17:00,2026-08-05 00:00:00,2026-08-05 09:17:00,2026-08-05 09:17:00,3,OK,OK,141,,1,17
2026-08-05 09:18:00,2026-08-05 00:00:00,2026-08-05 09:18:00,2026-08-05 09:18:00,4,OK,OK,621,,1,17
2026-08-05 09:19:00,2026-08-05 00:00:00,2026-08-05 09:19:00,2026-08-05 09:19:00,5,OK,OK,446,,1,17
2026-08-05 09:20:00,2026-08-05 00:00:00,2026-08-05 09:20:00,2026-08-05 09:20:00,6,OK,OK,556,,1,17
2026-08-05 09:21:00,2026-08-05 00:00:00,2026-08-05 09:21:00,2026-08-05 09:21:00,7,OK,OK,70,,1,17
2026-08-05 09:22:00,2026-08-05 00:00:00,2026-08-05 09:22:00,2026-08-05 09:22:00,8,OK,OK,976,,1,17
2026-08-05 09:23:00,2026-08-05 00:00:00,2026-08-05 09:23:00,2026-08-05 09:23:00,9,OK,OK,565,,1,17
2026-08-05 09:24:00,2026-08-05 00:00:00,2026-08-05 09:24:00,2026-08-05 09:24:00,10,OK,OK,93,,1,17
2026-08-05 09:25:00,2026-08-05 00:00:00,2026-08-05 09:25:00,2026-08-05 09:25:00,11,OK,OK,485,,1,17
2026-08-05 09:26:00,2026-08-05 00:00:00,2026-08-05 09:26:00,2026-08-05 09:26:00,12,OK,OK,275,,1,17
2026-08-05 09:27:00,2026-08-05 00:00:00,2026-08-05 09:27:00,2026-08-05 09:27:00,13,OK,OK,60,,1,17
2026-08-05 09:28:00,2026-08-05 00:00:00,2026-08-05 09:28:00,2026-08-05 09:28:00,14,OK,OK,225,,1,17
2026-08-05 09:29:00,2026-08-05 00:00:00,2026-08-05 09:29:00,2026-08-05 09:29:00,15,OK,OK,435,,1,17
2026-08-05 09:30:00,2026-08-05 00:00:00,2026-08-05 09:30:00,2026-08-05 09:30:00,16,OK,OK,234,,1,17
2026-08-05 09:31:00,2026-08-05 00:00:00,2026-08-05 09:31:00,2026-08-05 09:31:00,17,OK,OK,53,,1,17
2026-08-05 09:32:00,2026-08-05 00:00:00,2026-08-05 09:32:00,2026-08-05 09:32:00,18,OK,OK,78,,1,17
2026-08-05 09:33:00,2026-08-05 00:00:00,2026-08-05 09:33:00,2026-08-05 09:33:00,19,OK,OK,413,,1,17
2026-08-05 09:34:00,2026-08-05 00:00:00,2026-08-05 09:34:00,2026-08-05 09:34:00,20,OK,OK,70,,1,17
2026-08-05 09:35:00,2026-08-05 00:00:00,2026-08-05 09:35:00,2026-08-05 09:35:00,21,OK,OK,780,,1,17
2026-08-05 09:36:00,2026-08-05 00:00:00,2026-08-05 09:36:00,2026-08-05 09:36:00,22,OK,OK,62,,1,17
2026-08-05 09:37:00,2026-08-05 00:00:00,2026-08-05 09:37:00,2026-08-05 09:37:00,23,OK,OK,394,,1,17
2026-08-05 09:38:00,2026-08-05 00:00:00,2026-08-05 09:38:00,2026-08-05 09:38:00,24,OK,OK,60,,1,17
2026-08-05 09:39:00,2026-08-05 00:00:00,2026-08-05 09:39:00,2026-08-05 09:39:00,25,OK,OK,1383,,1,17
2026-08-05 09:40:00,2026-08-05 00:00:00,2026-08-05 09:40:00,2026-08-05 09:40:00,26,OK,OK,251,,1,17
2026-08-05 09:41:00,2026-08-05 00:00:00,2026-08-05 09:41:00,2026-08-05 09:41:00,27,OK,OK,59,,1,17
2026-08-05 09:42:00,2026-08-05 00:00:00,2026-08-05 09:42:00,2026-08-05 09:42:00,28,OK,OK,68,,1,17
2026-08-05 09:43:00,2026-08-05 00:00:00,2026-08-05 09:43:00,2026-08-05 09:43:00,29,OK,OK,367,,1,17
2026-08-05 09:44:00,2026-08-05 00:00:00,2026-08-05 09:44:00,2026-08-05 09:44:00,30,OK,OK,345,,1,17
2026-08-05 09:45:00,2026-08-05 00:00:00,2026-08-05 09:45:00,2026-08-05 09:45:00,31,OK,OK,42,,1,17
2026-08-05 09:46:00,2026-08-05 00:00:00,2026-08-05 09:46:00,2026-08-05 09:46:00,32,OK,OK,65,,1,17
2026-08-05 09:47:00,2026-08-05 00:00:00,2026-08-05 09:47:00,2026-08-05 09:47:00,33,OK,OK,374,,1,17
2026-08-05 09:48:00,2026-08-05 00:00:00,2026-08-05 09:48:00,2026-08-05 09:48:00,34,OK,OK,36,,1,17
2026-08-05 09:49:00,2026-08-05 00:00:00,2026-08-05 09:49:00,2026-08-05 09:49:00,35,OK,OK,471,,1,17
2026-08-05 09:50:00,2026-08-05 00:00:00,2026-08-05 09:50:00,2026-08-05 09:50:00,36,OK,OK,60,,1,17
2026-08-05 09:51:00,2026-08-05 00:00:00,2026-08-05 09:51:00,2026-08-05 09:51:00,37,OK,OK,313,,1,17
2026-08-05 09:52:00,2026-08-05 00:00:00,2026-08-05 09:52:00,2026-08-05 09:52:00,38,OK,OK,312,,1,17
2026-08-05 09:53:00,2026-08-05 00:00:00,2026-08-05 09:53:00,2026-08-05 09:53:00,39,OK,OK,605,,1,17
2026-08-05 09:54:00,2026-08-05 00:00:00,2026-08-05 09:54:00,2026-08-05 09:54:00,40,OK,OK,106,,1,17
2026-08-05 09:55:00,2026-08-05 00:00:00,2026-08-05 09:55:00,2026-08-05 09:55:00,41,OK,OK,379,,1,17
2026-08-05 09:56:00,2026-08-05 00:00:00,2026-08-05 09:56:00,2026-08-05 09:56:00,42,OK,OK,39,,1,17
2026-08-05 09:57:00,2026-08-05 00:00:00,2026-08-05 09:57:00,2026-08-05 09:57:00,43,OK,OK,731,,1,17
2026-08-05 09:58:00,2026-08-05 00:00:00,2026-08-05 09:58:00,2026-08-05 09:58:00,44,OK,OK,346,,1,17
2026-08-05 09:59:00,2026-08-05 00:00:00,2026-08-05 09:59:00,2026-08-05 09:59:00,45,OK,OK,186,,1,17
2026-08-05 10:00:00,2026-08-05 00:00:00,2026-08-05 10:00:00,2026-08-05 10:00:00,46,OK,OK,71,,1,17
2026-08-05 10:01:00,2026-08-05 00:00:00,2026-08-05 10:01:00,2026-08-05 10:01:00,47,OK,OK,219,,1,17
2026-08-05 10:02:00,2026-08-05 00:00:00,2026-08-05 10:02:00,2026-08-05 10:02:00,48,OK,OK,568,,1,17
2026-08-05 10:03:00,2026-08-05 00:00:00,2026-08-05 10:03:00,2026-08-05 10:03:00,49,OK,OK,534,,1,17
2026-08-05 10:04:00,2026-08-05 00:00:00,2026-08-05 10:04:00,2026-08-05 10:04:00,50,OK,OK,100,,1,17
2026-08-05 10:05:00,2026-08-05 00:00:00,2026-08-05 10:05:00,2026-08-05 10:05:00,51,OK,OK,46,,1,17
2026-08-05 10:06:00,2026-08-05 00:00:00,2026-08-05 10:06:00,2026-08-05 10:06:00,52,OK,OK,457,,1,17
2026-08-05 10:07:00,2026-08-05 00:00:00,2026-08-05 10:07:00,2026-08-05 10:07:00,53,OK,OK,756,,1,17
2026-08-05 10:08:00,2026-08-05 00:00:00,2026-08-05 10:08:00,2026-08-05 10:08:00,54,OK,OK,212,,1,17
2026-08-05 10:09:00,2026-08-05 00:00:00,2026-08-05 10:09:00,2026-08-05 10:09:00,55,OK,OK,69,,1,17
2026-08-05 10:10:00,2026-08-05 00:00:00,2026-08-05 10:10:00,2026-08-05 10:10:00,56,OK,OK,435,,1,17
2026-08-05 10:11:00,2026-08-05 00:00:00,2026-08-05 10:11:00,2026-08-05 10:11:00,57,OK,OK,36,,1,17
2026-08-05 10:12:00,2026-08-05 00:00:00,2026-08-05 10:12:00,2026-08-05 10:12:00,58,OK,OK,344,,1,17
2026-08-05 10:13:00,2026-08-05 00:00:00,2026-08-05 10:13:00,2026-08-05 10:13:00,59,OK,OK,38,,1,17
2026-08-05 10:14:00,2026-08-05 00:00:00,2026-08-05 10:14:00,2026-08-05 10:14:00,60,OK,OK,621,,1,17
2026-08-05 10:15:00,2026-08-05 00:00:00,2026-08-05 10:15:00,2026-08-05 10:15:00,61,OK,OK,41,,1,17
2026-08-05 10:16:00,2026-08-05 00:00:00,2026-08-05 10:16:00,2026-08-05 10:16:00,62,OK,OK,173,,1,17
2026-08-05 10:17:00,2026-08-05 00:00:00,2026-08-05 10:17:00,2026-08-05 10:17:00,63,OK,OK,354,,1,17
2026-08-05 10:18:00,2026-08-05 00:00:00,2026-08-05 10:18:00,2026-08-05 10:18:00,64,OK,OK,446,,1,17
2026-08-05 10:19:00,2026-08-05 00:00:00,2026-08-05 10:19:00,2026-08-05 10:19:00,65,OK,OK,191,,1,17
2026-08-05 10:20:00,2026-08-05 00:00:00,2026-08-05 10:20:00,2026-08-05 10:20:00,66,OK,OK,109,,1,17
2026-08-05 10:21:00,2026-08-05 00:00:00,2026-08-05 10:21:00,2026-08-05 10:21:00,67,OK,OK,749,,1,17
2026-08-05 10:22:00,2026-08-05 00:00:00,2026-08-05 10:22:00,2026-08-05 10:22:00,68,OK,OK,220,,1,17
2026-08-05 10:23:00,2026-08-05 00:00:00,2026-08-05 10:23:00,2026-08-05 10:23:00,69,OK,OK,349,,1,17
2026-08-05 10:25:00,2026-08-05 00:00:00,2026-08-05 10:25:00,2026-08-05 10:25:00,70,OK,OK,540,,1,17
2026-08-05 10:25:00,2026-08-05 00:00:00,2026-08-05 10:25:00,2026-08-05 10:25:00,71,OK,OK,295,,1,17
2026-08-05 10:26:00,2026-08-05 00:00:00,2026-08-05 10:26:00,2026-08-05 10:26:00,72,OK,OK,58,,1,17
2026-08-05 10:27:00,2026-08-05 00:00:00,2026-08-05 10:27:00,2026-08-05 10:27:00,73,OK,OK,461,,1,17
2026-08-05 10:28:00,2026-08-05 00:00:00,2026-08-05 10:28:00,2026-08-05 10:28:00,74,OK,OK,397,,1,17
2026-08-05 10:29:00,2026-08-05 00:00:00,2026-08-05 10:29:00,2026-08-05 10:29:00,75,OK,OK,768,,1,17
2026-08-05 10:30:00,2026-08-05 00:00:00,2026-08-05 10:30:00,2026-08-05 10:30:00,76,OK,OK,151,,1,17
2026-08-05 10:31:00,2026-08-05 00:00:00,2026-08-05 10:31:00,2026-08-05 10:31:00,77,OK,OK,69,,1,17
2026-08-05 10:32:00,2026-08-05 00:00:00,2026-08-05 10:32:00,2026-08-05 10:32:00,78,OK,OK,371,,1,17
2026-08-05 10:33:00,2026-08-05 00:00:00,2026-08-05 10:33:00,2026-08-05 10:33:00,79,OK,OK,632,,1,17
2026-08-05 10:34:00,2026-08-05 00:00:00,2026-08-05 10:34:00,2026-08-05 10:34:00,80,OK,OK,94,,1,17
2026-08-05 10:35:00,2026-08-05 00:00:00,2026-08-05 10:35:00,2026-08-05 10:35:00,81,OK,OK,158,,1,17
2026-08-05 10:36:00,2026-08-05 00:00:00,2026-08-05 10:36:00,2026-08-05 10:36:00,82,OK,OK,52,,1,17
2026-08-05 10:37:00,2026-08-05 00:00:00,2026-08-05 10:37:00,2026-08-05 10:37:00,83,OK,OK,561,,1,17
2026-08-05 10:38:00,2026-08-05 00:00:00,2026-08-05 10:38:00,2026-08-05 10:38:00,84,OK,OK,74,,1,17
2026-08-05 10:39:00,2026-08-05 00:00:00,2026-08-05 10:39:00,2026-08-05 10:39:00,85,OK,OK,551,,1,17
2026-08-05 10:40:00,2026-08-05 00:00:00,2026-08-05 10:40:00,2026-08-05 10:40:00,86,OK,OK,44,,1,17
2026-08-05 10:41:00,2026-08-05 00:00:00,2026-08-05 10:41:00,2026-08-05 10:41:00,87,ERROR,BLOCKED,3473,Address unavailable: https://oiseernew.azurewebsites.net/api/nifty?expiry=11-AUG-2026,1,17
2026-08-05 10:42:00,2026-08-05 00:00:00,2026-08-05 10:42:00,2026-08-05 10:42:00,88,OK,OK,515,,1,17
2026-08-05 10:43:00,2026-08-05 00:00:00,2026-08-05 10:43:00,2026-08-05 10:43:00,89,OK,OK,328,,1,17
2026-08-05 10:44:00,2026-08-05 00:00:00,2026-08-05 10:44:00,2026-08-05 10:44:00,90,OK,OK,489,,1,17
2026-08-05 10:45:00,2026-08-05 00:00:00,2026-08-05 10:45:00,2026-08-05 10:45:00,91,OK,OK,308,,1,17
2026-08-05 10:46:00,2026-08-05 00:00:00,2026-08-05 10:46:00,2026-08-05 10:46:00,92,OK,OK,92,,1,17
2026-08-05 10:47:00,2026-08-05 00:00:00,2026-08-05 10:47:00,2026-08-05 10:47:00,93,OK,OK,40,,1,17
2026-08-05 10:48:00,2026-08-05 00:00:00,2026-08-05 10:48:00,2026-08-05 10:48:00,94,OK,OK,436,,1,17
2026-08-05 10:49:00,2026-08-05 00:00:00,2026-08-05 10:49:00,2026-08-05 10:49:00,95,OK,OK,321,,1,17
2026-08-05 10:50:00,2026-08-05 00:00:00,2026-08-05 10:50:00,2026-08-05 10:50:00,96,OK,OK,198,,1,17
2026-08-05 10:51:00,2026-08-05 00:00:00,2026-08-05 10:51:00,2026-08-05 10:51:00,97,OK,OK,568,,1,17
2026-08-05 10:52:00,2026-08-05 00:00:00,2026-08-05 10:52:00,2026-08-05 10:52:00,98,OK,OK,240,,1,17
2026-08-05 10:53:00,2026-08-05 00:00:00,2026-08-05 10:53:00,2026-08-05 10:53:00,99,OK,OK,311,,1,17
2026-08-05 10:54:00,2026-08-05 00:00:00,2026-08-05 10:54:00,2026-08-05 10:54:00,100,OK,OK,350,,1,17
2026-08-05 10:55:00,2026-08-05 00:00:00,2026-08-05 10:55:00,2026-08-05 10:55:00,101,OK,OK,47,,1,17
2026-08-05 10:56:00,2026-08-05 00:00:00,2026-08-05 10:56:00,2026-08-05 10:56:00,102,OK,OK,321,,1,17
2026-08-05 10:57:00,2026-08-05 00:00:00,2026-08-05 10:57:00,2026-08-05 10:57:00,103,OK,OK,286,,1,17
2026-08-05 10:58:00,2026-08-05 00:00:00,2026-08-05 10:58:00,2026-08-05 10:58:00,104,OK,OK,69,,1,17
2026-08-05 10:59:00,2026-08-05 00:00:00,2026-08-05 10:59:00,2026-08-05 10:59:00,105,OK,OK,401,,1,17
2026-08-05 11:00:00,2026-08-05 00:00:00,2026-08-05 11:00:00,2026-08-05 11:00:00,106,OK,OK,437,,1,17
2026-08-05 11:01:00,2026-08-05 00:00:00,2026-08-05 11:01:00,2026-08-05 11:01:00,107,OK,OK,579,,1,17
2026-08-05 11:02:00,2026-08-05 00:00:00,2026-08-05 11:02:00,2026-08-05 11:02:00,108,OK,OK,31,,1,17
2026-08-05 11:03:00,2026-08-05 00:00:00,2026-08-05 11:03:00,2026-08-05 11:03:00,109,OK,OK,381,,1,17
2026-08-05 11:04:00,2026-08-05 00:00:00,2026-08-05 11:04:00,2026-08-05 11:04:00,110,OK,OK,702,,1,17
2026-08-05 11:05:00,2026-08-05 00:00:00,2026-08-05 11:05:00,2026-08-05 11:05:00,111,OK,OK,114,,1,17
2026-08-05 11:06:00,2026-08-05 00:00:00,2026-08-05 11:06:00,2026-08-05 11:06:00,112,OK,OK,392,,1,17
2026-08-05 11:07:00,2026-08-05 00:00:00,2026-08-05 11:07:00,2026-08-05 11:07:00,113,OK,OK,359,,1,17
2026-08-05 11:08:00,2026-08-05 00:00:00,2026-08-05 11:08:00,2026-08-05 11:08:00,114,OK,OK,286,,1,17
2026-08-05 11:09:00,2026-08-05 00:00:00,2026-08-05 11:09:00,2026-08-05 11:09:00,115,OK,OK,583,,1,17
2026-08-05 11:10:00,2026-08-05 00:00:00,2026-08-05 11:10:00,2026-08-05 11:10:00,116,OK,OK,260,,1,17
2026-08-05 11:11:00,2026-08-05 00:00:00,2026-08-05 11:11:00,2026-08-05 11:11:00,117,OK,OK,335,,1,17
2026-08-05 11:12:00,2026-08-05 00:00:00,2026-08-05 11:12:00,2026-08-05 11:12:00,118,OK,OK,431,,1,17
2026-08-05 11:13:00,2026-08-05 00:00:00,2026-08-05 11:13:00,2026-08-05 11:13:00,119,OK,OK,33,,1,17
2026-08-05 11:14:00,2026-08-05 00:00:00,2026-08-05 11:14:00,2026-08-05 11:14:00,120,OK,OK,58,,1,17
2026-08-05 11:15:00,2026-08-05 00:00:00,2026-08-05 11:15:00,2026-08-05 11:15:00,121,OK,OK,309,,1,17
2026-08-05 11:16:00,2026-08-05 00:00:00,2026-08-05 11:16:00,2026-08-05 11:16:00,122,OK,OK,163,,1,17
2026-08-05 11:17:00,2026-08-05 00:00:00,2026-08-05 11:17:00,2026-08-05 11:17:00,123,OK,OK,238,,1,17
2026-08-05 11:18:00,2026-08-05 00:00:00,2026-08-05 11:18:00,2026-08-05 11:18:00,124,OK,OK,93,,1,17
2026-08-05 11:19:00,2026-08-05 00:00:00,2026-08-05 11:19:00,2026-08-05 11:19:00,125,OK,OK,129,,1,17
2026-08-05 11:20:00,2026-08-05 00:00:00,2026-08-05 11:20:00,2026-08-05 11:20:00,126,OK,OK,24,,1,17
2026-08-05 11:21:00,2026-08-05 00:00:00,2026-08-05 11:21:00,2026-08-05 11:21:00,127,OK,OK,341,,1,17
2026-08-05 11:22:00,2026-08-05 00:00:00,2026-08-05 11:22:00,2026-08-05 11:22:00,128,OK,OK,50,,1,17
2026-08-05 11:23:00,2026-08-05 00:00:00,2026-08-05 11:23:00,2026-08-05 11:23:00,129,OK,OK,31,,1,17
2026-08-05 11:24:00,2026-08-05 00:00:00,2026-08-05 11:24:00,2026-08-05 11:24:00,130,OK,OK,35,,1,17
2026-08-05 11:25:00,2026-08-05 00:00:00,2026-08-05 11:25:00,2026-08-05 11:25:00,131,OK,OK,29,,1,17
2026-08-05 11:26:00,2026-08-05 00:00:00,2026-08-05 11:26:00,2026-08-05 11:26:00,132,OK,OK,60,,1,17
2026-08-05 11:27:00,2026-08-05 00:00:00,2026-08-05 11:27:00,2026-08-05 11:27:00,133,OK,OK,348,,1,17
2026-08-05 11:28:00,2026-08-05 00:00:00,2026-08-05 11:28:00,2026-08-05 11:28:00,134,OK,OK,430,,1,17
2026-08-05 11:29:00,2026-08-05 00:00:00,2026-08-05 11:29:00,2026-08-05 11:29:00,135,OK,OK,59,,1,17
2026-08-05 11:30:00,2026-08-05 00:00:00,2026-08-05 11:30:00,2026-08-05 11:30:00,136,OK,OK,43,,1,17
2026-08-05 11:31:00,2026-08-05 00:00:00,2026-08-05 11:31:00,2026-08-05 11:31:00,137,OK,OK,602,,1,17
2026-08-05 11:32:00,2026-08-05 00:00:00,2026-08-05 11:32:00,2026-08-05 11:32:00,138,OK,OK,128,,1,17
2026-08-05 11:33:00,2026-08-05 00:00:00,2026-08-05 11:33:00,2026-08-05 11:33:00,139,OK,OK,215,,1,17
2026-08-05 11:34:00,2026-08-05 00:00:00,2026-08-05 11:34:00,2026-08-05 11:34:00,140,OK,OK,75,,1,17
2026-08-05 11:35:00,2026-08-05 00:00:00,2026-08-05 11:35:00,2026-08-05 11:35:00,141,OK,OK,59,,1,17
2026-08-05 11:36:00,2026-08-05 00:00:00,2026-08-05 11:36:00,2026-08-05 11:36:00,142,OK,OK,56,,1,17
2026-08-05 11:37:00,2026-08-05 00:00:00,2026-08-05 11:37:00,2026-08-05 11:37:00,143,OK,OK,625,,1,17
2026-08-05 11:38:00,2026-08-05 00:00:00,2026-08-05 11:38:00,2026-08-05 11:38:00,144,OK,OK,386,,1,17
2026-08-05 11:39:00,2026-08-05 00:00:00,2026-08-05 11:39:00,2026-08-05 11:39:00,145,OK,OK,25,,1,17
2026-08-05 11:40:00,2026-08-05 00:00:00,2026-08-05 11:40:00,2026-08-05 11:40:00,146,OK,OK,80,,1,17
2026-08-05 11:41:00,2026-08-05 00:00:00,2026-08-05 11:41:00,2026-08-05 11:41:00,147,OK,OK,518,,1,17
2026-08-05 11:42:00,2026-08-05 00:00:00,2026-08-05 11:42:00,2026-08-05 11:42:00,148,OK,OK,48,,1,17
2026-08-05 11:43:00,2026-08-05 00:00:00,2026-08-05 11:43:00,2026-08-05 11:43:00,149,OK,OK,102,,1,17
2026-08-05 11:44:00,2026-08-05 00:00:00,2026-08-05 11:44:00,2026-08-05 11:44:00,150,OK,OK,400,,1,17
2026-08-05 11:45:00,2026-08-05 00:00:00,2026-08-05 11:45:00,2026-08-05 11:45:00,151,OK,OK,78,,1,17
2026-08-05 11:46:00,2026-08-05 00:00:00,2026-08-05 11:46:00,2026-08-05 11:46:00,152,OK,OK,83,,1,17
2026-08-05 11:47:00,2026-08-05 00:00:00,2026-08-05 11:47:00,2026-08-05 11:47:00,153,OK,OK,57,,1,17
2026-08-05 11:48:00,2026-08-05 00:00:00,2026-08-05 11:48:00,2026-08-05 11:48:00,154,OK,OK,509,,1,17
2026-08-05 11:49:00,2026-08-05 00:00:00,2026-08-05 11:49:00,2026-08-05 11:49:00,155,OK,OK,62,,1,17
2026-08-05 11:50:00,2026-08-05 00:00:00,2026-08-05 11:50:00,2026-08-05 11:50:00,156,OK,OK,482,,1,17
2026-08-05 11:51:00,2026-08-05 00:00:00,2026-08-05 11:51:00,2026-08-05 11:51:00,157,OK,OK,376,,1,17
2026-08-05 11:52:00,2026-08-05 00:00:00,2026-08-05 11:52:00,2026-08-05 11:52:00,158,OK,OK,243,,1,17
2026-08-05 11:53:00,2026-08-05 00:00:00,2026-08-05 11:53:00,2026-08-05 11:53:00,159,OK,OK,380,,1,17
2026-08-05 11:54:00,2026-08-05 00:00:00,2026-08-05 11:54:00,2026-08-05 11:54:00,160,OK,OK,494,,1,17
2026-08-05 11:55:00,2026-08-05 00:00:00,2026-08-05 11:55:00,2026-08-05 11:55:00,161,OK,OK,107,,1,17
2026-08-05 11:56:00,2026-08-05 00:00:00,2026-08-05 11:56:00,2026-08-05 11:56:00,162,OK,OK,479,,1,17
2026-08-05 11:57:00,2026-08-05 00:00:00,2026-08-05 11:57:00,2026-08-05 11:57:00,163,OK,OK,42,,1,17
2026-08-05 11:58:00,2026-08-05 00:00:00,2026-08-05 11:58:00,2026-08-05 11:58:00,164,OK,OK,463,,1,17
2026-08-05 11:59:00,2026-08-05 00:00:00,2026-08-05 11:59:00,2026-08-05 11:59:00,165,OK,OK,42,,1,17
2026-08-05 12:00:00,2026-08-05 00:00:00,2026-08-05 12:00:00,2026-08-05 12:00:00,166,OK,OK,448,,1,17
2026-08-05 12:01:00,2026-08-05 00:00:00,2026-08-05 12:01:00,2026-08-05 12:01:00,167,OK,OK,58,,1,17
2026-08-05 12:02:00,2026-08-05 00:00:00,2026-08-05 12:02:00,2026-08-05 12:02:00,168,OK,OK,41,,1,17
2026-08-05 12:03:00,2026-08-05 00:00:00,2026-08-05 12:03:00,2026-08-05 12:03:00,169,OK,OK,926,,1,17
2026-08-05 12:04:00,2026-08-05 00:00:00,2026-08-05 12:04:00,2026-08-05 12:04:00,170,OK,OK,73,,1,17
2026-08-05 12:05:00,2026-08-05 00:00:00,2026-08-05 12:05:00,2026-08-05 12:05:00,171,OK,OK,65,,1,17
2026-08-05 12:06:00,2026-08-05 00:00:00,2026-08-05 12:06:00,2026-08-05 12:06:00,172,OK,OK,65,,1,17
2026-08-05 12:07:00,2026-08-05 00:00:00,2026-08-05 12:07:00,2026-08-05 12:07:00,173,OK,OK,349,,1,17
2026-08-05 12:08:00,2026-08-05 00:00:00,2026-08-05 12:08:00,2026-08-05 12:08:00,174,OK,OK,334,,1,17
2026-08-05 12:09:00,2026-08-05 00:00:00,2026-08-05 12:09:00,2026-08-05 12:09:00,175,OK,OK,224,,1,17
2026-08-05 12:10:00,2026-08-05 00:00:00,2026-08-05 12:10:00,2026-08-05 12:10:00,176,OK,OK,827,,1,17
2026-08-05 12:11:00,2026-08-05 00:00:00,2026-08-05 12:11:00,2026-08-05 12:11:00,177,OK,OK,75,,1,17
2026-08-05 12:12:00,2026-08-05 00:00:00,2026-08-05 12:12:00,2026-08-05 12:12:00,178,OK,OK,32,,1,17
2026-08-05 12:13:00,2026-08-05 00:00:00,2026-08-05 12:13:00,2026-08-05 12:13:00,179,OK,OK,413,,1,17
2026-08-05 12:14:00,2026-08-05 00:00:00,2026-08-05 12:14:00,2026-08-05 12:14:00,180,OK,OK,230,,1,17
2026-08-05 12:15:00,2026-08-05 00:00:00,2026-08-05 12:15:00,2026-08-05 12:15:00,181,OK,OK,27,,1,17
2026-08-05 12:16:00,2026-08-05 00:00:00,2026-08-05 12:16:00,2026-08-05 12:16:00,182,OK,OK,483,,1,17
2026-08-05 12:17:00,2026-08-05 00:00:00,2026-08-05 12:17:00,2026-08-05 12:17:00,183,OK,OK,417,,1,17
2026-08-05 12:18:00,2026-08-05 00:00:00,2026-08-05 12:18:00,2026-08-05 12:18:00,184,OK,OK,412,,1,17
2026-08-05 12:19:00,2026-08-05 00:00:00,2026-08-05 12:19:00,2026-08-05 12:19:00,185,OK,OK,25,,1,17
2026-08-05 12:20:00,2026-08-05 00:00:00,2026-08-05 12:20:00,2026-08-05 12:20:00,186,OK,OK,76,,1,17
2026-08-05 12:21:00,2026-08-05 00:00:00,2026-08-05 12:21:00,2026-08-05 12:21:00,187,OK,OK,618,,1,17
2026-08-05 12:22:00,2026-08-05 00:00:00,2026-08-05 12:22:00,2026-08-05 12:22:00,188,OK,OK,370,,1,17
2026-08-05 12:23:00,2026-08-05 00:00:00,2026-08-05 12:23:00,2026-08-05 12:23:00,189,OK,OK,62,,1,17
2026-08-05 12:24:00,2026-08-05 00:00:00,2026-08-05 12:24:00,2026-08-05 12:24:00,190,OK,OK,83,,1,17
2026-08-05 12:25:00,2026-08-05 00:00:00,2026-08-05 12:25:00,2026-08-05 12:25:00,191,OK,OK,60,,1,17
2026-08-05 12:26:00,2026-08-05 00:00:00,2026-08-05 12:26:00,2026-08-05 12:26:00,192,OK,OK,27,,1,17
2026-08-05 12:27:00,2026-08-05 00:00:00,2026-08-05 12:27:00,2026-08-05 12:27:00,193,OK,OK,38,,1,17
2026-08-05 12:28:00,2026-08-05 00:00:00,2026-08-05 12:28:00,2026-08-05 12:28:00,194,OK,OK,318,,1,17
2026-08-05 12:29:00,2026-08-05 00:00:00,2026-08-05 12:29:00,2026-08-05 12:29:00,195,OK,OK,190,,1,17
2026-08-05 12:30:00,2026-08-05 00:00:00,2026-08-05 12:30:00,2026-08-05 12:30:00,196,OK,OK,47,,1,17
2026-08-05 12:31:00,2026-08-05 00:00:00,2026-08-05 12:31:00,2026-08-05 12:31:00,197,OK,OK,127,,1,17
2026-08-05 12:32:00,2026-08-05 00:00:00,2026-08-05 12:32:00,2026-08-05 12:32:00,198,OK,OK,37,,1,17
2026-08-05 12:33:00,2026-08-05 00:00:00,2026-08-05 12:33:00,2026-08-05 12:33:00,199,OK,OK,181,,1,17
2026-08-05 12:34:00,2026-08-05 00:00:00,2026-08-05 12:34:00,2026-08-05 12:34:00,200,OK,OK,394,,1,17
2026-08-05 12:35:00,2026-08-05 00:00:00,2026-08-05 12:35:00,2026-08-05 12:35:00,201,OK,OK,28,,1,17
2026-08-05 12:36:00,2026-08-05 00:00:00,2026-08-05 12:36:00,2026-08-05 12:36:00,202,OK,OK,57,,1,17
2026-08-05 12:37:00,2026-08-05 00:00:00,2026-08-05 12:37:00,2026-08-05 12:37:00,203,OK,OK,448,,1,17
2026-08-05 12:38:00,2026-08-05 00:00:00,2026-08-05 12:38:00,2026-08-05 12:38:00,204,OK,OK,50,,1,17
2026-08-05 12:39:00,2026-08-05 00:00:00,2026-08-05 12:39:00,2026-08-05 12:39:00,205,OK,OK,60,,1,17
2026-08-05 12:40:00,2026-08-05 00:00:00,2026-08-05 12:40:00,2026-08-05 12:40:00,206,OK,OK,46,,1,17
2026-08-05 12:41:00,2026-08-05 00:00:00,2026-08-05 12:41:00,2026-08-05 12:41:00,207,OK,OK,170,,1,17
2026-08-05 12:42:00,2026-08-05 00:00:00,2026-08-05 12:42:00,2026-08-05 12:42:00,208,OK,OK,446,,1,17
2026-08-05 12:43:00,2026-08-05 00:00:00,2026-08-05 12:43:00,2026-08-05 12:43:00,209,OK,OK,63,,1,17
2026-08-05 12:44:00,2026-08-05 00:00:00,2026-08-05 12:44:00,2026-08-05 12:44:00,210,OK,OK,388,,1,17
2026-08-05 12:45:00,2026-08-05 00:00:00,2026-08-05 12:45:00,2026-08-05 12:45:00,211,OK,OK,53,,1,17
2026-08-05 12:46:00,2026-08-05 00:00:00,2026-08-05 12:46:00,2026-08-05 12:46:00,212,OK,OK,341,,1,17
2026-08-05 12:47:00,2026-08-05 00:00:00,2026-08-05 12:47:00,2026-08-05 12:47:00,213,OK,OK,236,,1,17
2026-08-05 12:48:00,2026-08-05 00:00:00,2026-08-05 12:48:00,2026-08-05 12:48:00,214,OK,OK,399,,1,17
2026-08-05 12:49:00,2026-08-05 00:00:00,2026-08-05 12:49:00,2026-08-05 12:49:00,215,OK,OK,357,,1,17
2026-08-05 12:50:00,2026-08-05 00:00:00,2026-08-05 12:50:00,2026-08-05 12:50:00,216,OK,OK,408,,1,17
2026-08-05 12:51:00,2026-08-05 00:00:00,2026-08-05 12:51:00,2026-08-05 12:51:00,217,OK,OK,222,,1,17
2026-08-05 12:52:00,2026-08-05 00:00:00,2026-08-05 12:52:00,2026-08-05 12:52:00,218,OK,OK,319,,1,17
2026-08-05 12:53:00,2026-08-05 00:00:00,2026-08-05 12:53:00,2026-08-05 12:53:00,219,OK,OK,98,,1,17
2026-08-05 12:54:00,2026-08-05 00:00:00,2026-08-05 12:54:00,2026-08-05 12:54:00,220,OK,OK,27,,1,17
2026-08-05 12:55:00,2026-08-05 00:00:00,2026-08-05 12:55:00,2026-08-05 12:55:00,221,OK,OK,28,,1,17
2026-08-05 12:56:00,2026-08-05 00:00:00,2026-08-05 12:56:00,2026-08-05 12:56:00,222,OK,OK,68,,1,17
2026-08-05 12:57:00,2026-08-05 00:00:00,2026-08-05 12:57:00,2026-08-05 12:57:00,223,OK,OK,62,,1,17
2026-08-05 12:58:00,2026-08-05 00:00:00,2026-08-05 12:58:00,2026-08-05 12:58:00,224,OK,OK,228,,1,17
2026-08-05 12:59:00,2026-08-05 00:00:00,2026-08-05 12:59:00,2026-08-05 12:59:00,225,OK,OK,25,,1,17
2026-08-05 13:00:00,2026-08-05 00:00:00,2026-08-05 13:00:00,2026-08-05 13:00:00,226,OK,OK,83,,1,17
2026-08-05 13:01:00,2026-08-05 00:00:00,2026-08-05 13:01:00,2026-08-05 13:01:00,227,OK,OK,84,,1,17
2026-08-05 13:02:00,2026-08-05 00:00:00,2026-08-05 13:02:00,2026-08-05 13:02:00,228,OK,OK,390,,1,17
2026-08-05 13:03:00,2026-08-05 00:00:00,2026-08-05 13:03:00,2026-08-05 13:03:00,229,OK,OK,137,,1,17
2026-08-05 13:04:00,2026-08-05 00:00:00,2026-08-05 13:04:00,2026-08-05 13:04:00,230,OK,OK,112,,1,17
2026-08-05 13:05:00,2026-08-05 00:00:00,2026-08-05 13:05:00,2026-08-05 13:05:00,231,OK,OK,52,,1,17
2026-08-05 13:06:00,2026-08-05 00:00:00,2026-08-05 13:06:00,2026-08-05 13:06:00,232,OK,OK,160,,1,17
2026-08-05 13:07:00,2026-08-05 00:00:00,2026-08-05 13:07:00,2026-08-05 13:07:00,233,OK,OK,61,,1,17
2026-08-05 13:08:00,2026-08-05 00:00:00,2026-08-05 13:08:00,2026-08-05 13:08:00,234,OK,OK,72,,1,17
2026-08-05 13:09:00,2026-08-05 00:00:00,2026-08-05 13:09:00,2026-08-05 13:09:00,235,OK,OK,25,,1,17
2026-08-05 13:10:00,2026-08-05 00:00:00,2026-08-05 13:10:00,2026-08-05 13:10:00,236,OK,OK,26,,1,17
2026-08-05 13:11:00,2026-08-05 00:00:00,2026-08-05 13:11:00,2026-08-05 13:11:00,237,OK,OK,26,,1,17
2026-08-05 13:12:00,2026-08-05 00:00:00,2026-08-05 13:12:00,2026-08-05 13:12:00,238,OK,OK,28,,1,17
2026-08-05 13:13:00,2026-08-05 00:00:00,2026-08-05 13:13:00,2026-08-05 13:13:00,239,OK,OK,257,,1,17
2026-08-05 13:14:00,2026-08-05 00:00:00,2026-08-05 13:14:00,2026-08-05 13:14:00,240,OK,OK,60,,1,17
2026-08-05 13:15:00,2026-08-05 00:00:00,2026-08-05 13:15:00,2026-08-05 13:15:00,241,OK,OK,44,,1,17
2026-08-05 13:16:00,2026-08-05 00:00:00,2026-08-05 13:16:00,2026-08-05 13:16:00,242,OK,OK,1555,,1,17
2026-08-05 13:17:00,2026-08-05 00:00:00,2026-08-05 13:17:00,2026-08-05 13:17:00,243,OK,OK,211,,1,17
2026-08-05 13:18:00,2026-08-05 00:00:00,2026-08-05 13:18:00,2026-08-05 13:18:00,244,OK,OK,69,,1,17
2026-08-05 13:19:00,2026-08-05 00:00:00,2026-08-05 13:19:00,2026-08-05 13:19:00,245,OK,OK,525,,1,17
2026-08-05 13:20:00,2026-08-05 00:00:00,2026-08-05 13:20:00,2026-08-05 13:20:00,246,OK,OK,96,,1,17
2026-08-05 13:21:00,2026-08-05 00:00:00,2026-08-05 13:21:00,2026-08-05 13:21:00,247,OK,OK,377,,1,17
2026-08-05 13:22:00,2026-08-05 00:00:00,2026-08-05 13:22:00,2026-08-05 13:22:00,248,OK,OK,46,,1,17
2026-08-05 13:23:00,2026-08-05 00:00:00,2026-08-05 13:23:00,2026-08-05 13:23:00,249,OK,OK,364,,1,17
2026-08-05 13:24:00,2026-08-05 00:00:00,2026-08-05 13:24:00,2026-08-05 13:24:00,250,OK,OK,303,,1,17
2026-08-05 13:25:00,2026-08-05 00:00:00,2026-08-05 13:25:00,2026-08-05 13:25:00,251,OK,OK,62,,1,17
2026-08-05 13:26:00,2026-08-05 00:00:00,2026-08-05 13:26:00,2026-08-05 13:26:00,252,OK,OK,707,,1,17
2026-08-05 13:27:00,2026-08-05 00:00:00,2026-08-05 13:27:00,2026-08-05 13:27:00,253,OK,OK,51,,1,17
2026-08-05 13:28:00,2026-08-05 00:00:00,2026-08-05 13:28:00,2026-08-05 13:28:00,254,OK,OK,69,,1,17
2026-08-05 13:29:00,2026-08-05 00:00:00,2026-08-05 13:29:00,2026-08-05 13:29:00,255,OK,OK,539,,1,17
2026-08-05 13:30:00,2026-08-05 00:00:00,2026-08-05 13:30:00,2026-08-05 13:30:00,256,OK,OK,47,,1,17
2026-08-05 13:31:00,2026-08-05 00:00:00,2026-08-05 13:31:00,2026-08-05 13:31:00,257,OK,OK,44,,1,17
2026-08-05 13:32:00,2026-08-05 00:00:00,2026-08-05 13:32:00,2026-08-05 13:32:00,258,OK,OK,68,,1,17
2026-08-05 13:33:00,2026-08-05 00:00:00,2026-08-05 13:33:00,2026-08-05 13:33:00,259,OK,OK,339,,1,17
2026-08-05 13:34:00,2026-08-05 00:00:00,2026-08-05 13:34:00,2026-08-05 13:34:00,260,OK,OK,56,,1,17
2026-08-05 13:35:00,2026-08-05 00:00:00,2026-08-05 13:35:00,2026-08-05 13:35:00,261,OK,OK,47,,1,17
2026-08-05 13:36:00,2026-08-05 00:00:00,2026-08-05 13:36:00,2026-08-05 13:36:00,262,OK,OK,145,,1,17
2026-08-05 13:37:00,2026-08-05 00:00:00,2026-08-05 13:37:00,2026-08-05 13:37:00,263,OK,OK,204,,1,17
2026-08-05 13:38:00,2026-08-05 00:00:00,2026-08-05 13:38:00,2026-08-05 13:38:00,264,OK,OK,98,,1,17
2026-08-05 13:39:00,2026-08-05 00:00:00,2026-08-05 13:39:00,2026-08-05 13:39:00,265,OK,OK,237,,1,17
2026-08-05 13:40:00,2026-08-05 00:00:00,2026-08-05 13:40:00,2026-08-05 13:40:00,266,OK,OK,59,,1,17
2026-08-05 13:41:00,2026-08-05 00:00:00,2026-08-05 13:41:00,2026-08-05 13:41:00,267,OK,OK,484,,1,17
2026-08-05 13:42:00,2026-08-05 00:00:00,2026-08-05 13:42:00,2026-08-05 13:42:00,268,OK,OK,596,,1,17
2026-08-05 13:43:00,2026-08-05 00:00:00,2026-08-05 13:43:00,2026-08-05 13:43:00,269,OK,OK,420,,1,17
2026-08-05 13:44:00,2026-08-05 00:00:00,2026-08-05 13:44:00,2026-08-05 13:44:00,270,OK,OK,27,,1,17
2026-08-05 13:45:00,2026-08-05 00:00:00,2026-08-05 13:45:00,2026-08-05 13:45:00,271,OK,OK,247,,1,17
2026-08-05 13:46:00,2026-08-05 00:00:00,2026-08-05 13:46:00,2026-08-05 13:46:00,272,OK,OK,372,,1,17
2026-08-05 13:47:00,2026-08-05 00:00:00,2026-08-05 13:47:00,2026-08-05 13:47:00,273,OK,OK,371,,1,17
2026-08-05 13:48:00,2026-08-05 00:00:00,2026-08-05 13:48:00,2026-08-05 13:48:00,274,OK,OK,198,,1,17
2026-08-05 13:49:00,2026-08-05 00:00:00,2026-08-05 13:49:00,2026-08-05 13:49:00,275,OK,OK,387,,1,17
2026-08-05 13:50:00,2026-08-05 00:00:00,2026-08-05 13:50:00,2026-08-05 13:50:00,276,OK,OK,124,,1,17
2026-08-05 13:51:00,2026-08-05 00:00:00,2026-08-05 13:51:00,2026-08-05 13:51:00,277,OK,OK,92,,1,17
2026-08-05 13:52:00,2026-08-05 00:00:00,2026-08-05 13:52:00,2026-08-05 13:52:00,278,OK,OK,120,,1,17
2026-08-05 13:53:00,2026-08-05 00:00:00,2026-08-05 13:53:00,2026-08-05 13:53:00,279,OK,OK,25,,1,17
2026-08-05 13:54:00,2026-08-05 00:00:00,2026-08-05 13:54:00,2026-08-05 13:54:00,280,OK,OK,77,,1,17
2026-08-05 13:55:00,2026-08-05 00:00:00,2026-08-05 13:55:00,2026-08-05 13:55:00,281,OK,OK,255,,1,17
2026-08-05 13:56:00,2026-08-05 00:00:00,2026-08-05 13:56:00,2026-08-05 13:56:00,282,OK,OK,29,,1,17
2026-08-05 13:57:00,2026-08-05 00:00:00,2026-08-05 13:57:00,2026-08-05 13:57:00,283,OK,OK,98,,1,17
2026-08-05 13:58:00,2026-08-05 00:00:00,2026-08-05 13:58:00,2026-08-05 13:58:00,284,OK,OK,349,,1,17
2026-08-05 13:59:00,2026-08-05 00:00:00,2026-08-05 13:59:00,2026-08-05 13:59:00,285,OK,OK,99,,1,17
2026-08-05 14:00:00,2026-08-05 00:00:00,2026-08-05 14:00:00,2026-08-05 14:00:00,286,OK,OK,59,,1,17
2026-08-05 14:01:00,2026-08-05 00:00:00,2026-08-05 14:01:00,2026-08-05 14:01:00,287,OK,OK,309,,1,17
2026-08-05 14:02:00,2026-08-05 00:00:00,2026-08-05 14:02:00,2026-08-05 14:02:00,288,OK,OK,618,,1,17
2026-08-05 14:03:00,2026-08-05 00:00:00,2026-08-05 14:03:00,2026-08-05 14:03:00,289,OK,OK,210,,1,17
2026-08-05 14:04:00,2026-08-05 00:00:00,2026-08-05 14:04:00,2026-08-05 14:04:00,290,OK,OK,31,,1,17
2026-08-05 14:05:00,2026-08-05 00:00:00,2026-08-05 14:05:00,2026-08-05 14:05:00,291,OK,OK,71,,1,17
2026-08-05 14:06:00,2026-08-05 00:00:00,2026-08-05 14:06:00,2026-08-05 14:06:00,292,OK,OK,44,,1,17
2026-08-05 14:07:00,2026-08-05 00:00:00,2026-08-05 14:07:00,2026-08-05 14:07:00,293,OK,OK,834,,1,17
2026-08-05 14:08:00,2026-08-05 00:00:00,2026-08-05 14:08:00,2026-08-05 14:08:00,294,OK,OK,26,,1,17
2026-08-05 14:09:00,2026-08-05 00:00:00,2026-08-05 14:09:00,2026-08-05 14:09:00,295,OK,OK,364,,1,17
2026-08-05 14:10:00,2026-08-05 00:00:00,2026-08-05 14:10:00,2026-08-05 14:10:00,296,OK,OK,576,,1,17
2026-08-05 14:11:00,2026-08-05 00:00:00,2026-08-05 14:11:00,2026-08-05 14:11:00,297,OK,OK,170,,1,17
2026-08-05 14:12:00,2026-08-05 00:00:00,2026-08-05 14:12:00,2026-08-05 14:12:00,298,OK,OK,71,,1,17
2026-08-05 14:13:00,2026-08-05 00:00:00,2026-08-05 14:13:00,2026-08-05 14:13:00,299,OK,OK,46,,1,17
2026-08-05 14:14:00,2026-08-05 00:00:00,2026-08-05 14:14:00,2026-08-05 14:14:00,300,OK,OK,409,,1,17
2026-08-05 14:15:00,2026-08-05 00:00:00,2026-08-05 14:15:00,2026-08-05 14:15:00,301,OK,OK,96,,1,17
2026-08-05 14:16:00,2026-08-05 00:00:00,2026-08-05 14:16:00,2026-08-05 14:16:00,302,OK,OK,230,,1,17
2026-08-05 14:17:00,2026-08-05 00:00:00,2026-08-05 14:17:00,2026-08-05 14:17:00,303,OK,OK,350,,1,17
2026-08-05 14:18:00,2026-08-05 00:00:00,2026-08-05 14:18:00,2026-08-05 14:18:00,304,OK,OK,441,,1,17
2026-08-05 14:19:00,2026-08-05 00:00:00,2026-08-05 14:19:00,2026-08-05 14:19:00,305,OK,OK,27,,1,17
2026-08-05 14:20:00,2026-08-05 00:00:00,2026-08-05 14:20:00,2026-08-05 14:20:00,306,OK,OK,234,,1,17
2026-08-05 14:21:00,2026-08-05 00:00:00,2026-08-05 14:21:00,2026-08-05 14:21:00,307,OK,OK,488,,1,17
2026-08-05 14:22:00,2026-08-05 00:00:00,2026-08-05 14:22:00,2026-08-05 14:22:00,308,OK,OK,219,,1,17
2026-08-05 14:23:00,2026-08-05 00:00:00,2026-08-05 14:23:00,2026-08-05 14:23:00,309,OK,OK,54,,1,17
2026-08-05 14:24:00,2026-08-05 00:00:00,2026-08-05 14:24:00,2026-08-05 14:24:00,310,OK,OK,143,,1,17
2026-08-05 14:25:00,2026-08-05 00:00:00,2026-08-05 14:25:00,2026-08-05 14:25:00,311,OK,OK,613,,1,17
2026-08-05 14:26:00,2026-08-05 00:00:00,2026-08-05 14:26:00,2026-08-05 14:26:00,312,OK,OK,28,,1,17
2026-08-05 14:27:00,2026-08-05 00:00:00,2026-08-05 14:27:00,2026-08-05 14:27:00,313,OK,OK,40,,1,17
2026-08-05 14:28:00,2026-08-05 00:00:00,2026-08-05 14:28:00,2026-08-05 14:28:00,314,OK,OK,104,,1,17
2026-08-05 14:29:00,2026-08-05 00:00:00,2026-08-05 14:29:00,2026-08-05 14:29:00,315,OK,OK,339,,1,17
2026-08-05 14:30:00,2026-08-05 00:00:00,2026-08-05 14:30:00,2026-08-05 14:30:00,316,OK,OK,458,,1,17
2026-08-05 14:31:00,2026-08-05 00:00:00,2026-08-05 14:31:00,2026-08-05 14:31:00,317,OK,OK,213,,1,17
2026-08-05 14:32:00,2026-08-05 00:00:00,2026-08-05 14:32:00,2026-08-05 14:32:00,318,OK,OK,373,,1,17
2026-08-05 14:33:00,2026-08-05 00:00:00,2026-08-05 14:33:00,2026-08-05 14:33:00,319,OK,OK,369,,1,17
2026-08-05 14:34:00,2026-08-05 00:00:00,2026-08-05 14:34:00,2026-08-05 14:34:00,320,OK,OK,318,,1,17
2026-08-05 14:35:00,2026-08-05 00:00:00,2026-08-05 14:35:00,2026-08-05 14:35:00,321,OK,OK,55,,1,17
2026-08-05 14:36:00,2026-08-05 00:00:00,2026-08-05 14:36:00,2026-08-05 14:36:00,322,OK,OK,233,,1,17
2026-08-05 14:37:00,2026-08-05 00:00:00,2026-08-05 14:37:00,2026-08-05 14:37:00,323,OK,OK,71,,1,17
2026-08-05 14:38:00,2026-08-05 00:00:00,2026-08-05 14:38:00,2026-08-05 14:38:00,324,OK,OK,189,,1,17
2026-08-05 14:39:00,2026-08-05 00:00:00,2026-08-05 14:39:00,2026-08-05 14:39:00,325,OK,OK,93,,1,17
2026-08-05 14:40:00,2026-08-05 00:00:00,2026-08-05 14:40:00,2026-08-05 14:40:00,326,OK,OK,210,,1,17
2026-08-05 14:42:00,2026-08-05 00:00:00,2026-08-05 14:42:00,2026-08-05 14:42:00,327,OK,OK,74,,1,17
2026-08-05 14:42:00,2026-08-05 00:00:00,2026-08-05 14:42:00,2026-08-05 14:42:00,328,OK,OK,220,,1,17
2026-08-05 14:43:00,2026-08-05 00:00:00,2026-08-05 14:43:00,2026-08-05 14:43:00,329,OK,OK,341,,1,17
2026-08-05 14:44:00,2026-08-05 00:00:00,2026-08-05 14:44:00,2026-08-05 14:44:00,330,OK,OK,128,,1,17
2026-08-05 14:45:00,2026-08-05 00:00:00,2026-08-05 14:45:00,2026-08-05 14:45:00,331,OK,OK,29,,1,17
2026-08-05 14:46:00,2026-08-05 00:00:00,2026-08-05 14:46:00,2026-08-05 14:46:00,332,OK,OK,57,,1,17
2026-08-05 14:47:00,2026-08-05 00:00:00,2026-08-05 14:47:00,2026-08-05 14:47:00,333,OK,OK,385,,1,17
2026-08-05 14:48:00,2026-08-05 00:00:00,2026-08-05 14:48:00,2026-08-05 14:48:00,334,OK,OK,629,,1,17
2026-08-05 14:49:00,2026-08-05 00:00:00,2026-08-05 14:49:00,2026-08-05 14:49:00,335,OK,OK,386,,1,17
2026-08-05 14:50:00,2026-08-05 00:00:00,2026-08-05 14:50:00,2026-08-05 14:50:00,336,OK,OK,79,,1,17
2026-08-05 14:51:00,2026-08-05 00:00:00,2026-08-05 14:51:00,2026-08-05 14:51:00,337,OK,OK,27,,1,17
2026-08-05 14:52:00,2026-08-05 00:00:00,2026-08-05 14:52:00,2026-08-05 14:52:00,338,OK,OK,699,,1,17
2026-08-05 14:53:00,2026-08-05 00:00:00,2026-08-05 14:53:00,2026-08-05 14:53:00,339,OK,OK,27,,1,17
2026-08-05 14:54:00,2026-08-05 00:00:00,2026-08-05 14:54:00,2026-08-05 14:54:00,340,OK,OK,25,,1,17
2026-08-05 14:55:00,2026-08-05 00:00:00,2026-08-05 14:55:00,2026-08-05 14:55:00,341,OK,OK,24,,1,17
2026-08-05 14:56:00,2026-08-05 00:00:00,2026-08-05 14:56:00,2026-08-05 14:56:00,342,OK,OK,424,,1,17
2026-08-05 14:57:00,2026-08-05 00:00:00,2026-08-05 14:57:00,2026-08-05 14:57:00,343,OK,OK,52,,1,17
2026-08-05 14:58:00,2026-08-05 00:00:00,2026-08-05 14:58:00,2026-08-05 14:58:00,344,OK,OK,235,,1,17
2026-08-05 14:59:00,2026-08-05 00:00:00,2026-08-05 14:59:00,2026-08-05 14:59:00,345,OK,OK,59,,1,17
2026-08-05 15:00:00,2026-08-05 00:00:00,2026-08-05 15:00:00,2026-08-05 15:00:00,346,OK,OK,28,,1,17
2026-08-05 15:01:00,2026-08-05 00:00:00,2026-08-05 15:01:00,2026-08-05 15:01:00,347,OK,OK,29,,1,17
2026-08-05 15:02:00,2026-08-05 00:00:00,2026-08-05 15:02:00,2026-08-05 15:02:00,348,OK,OK,773,,1,17
2026-08-05 15:03:00,2026-08-05 00:00:00,2026-08-05 15:03:00,2026-08-05 15:03:00,349,OK,OK,84,,1,17
2026-08-05 15:04:00,2026-08-05 00:00:00,2026-08-05 15:04:00,2026-08-05 15:04:00,350,OK,OK,269,,1,17
2026-08-05 15:05:00,2026-08-05 00:00:00,2026-08-05 15:05:00,2026-08-05 15:05:00,351,OK,OK,26,,1,17
2026-08-05 15:06:00,2026-08-05 00:00:00,2026-08-05 15:06:00,2026-08-05 15:06:00,352,OK,OK,73,,1,17
2026-08-05 15:07:00,2026-08-05 00:00:00,2026-08-05 15:07:00,2026-08-05 15:07:00,353,OK,OK,47,,1,17
2026-08-05 15:08:00,2026-08-05 00:00:00,2026-08-05 15:08:00,2026-08-05 15:08:00,354,OK,OK,45,,1,17
2026-08-05 15:09:00,2026-08-05 00:00:00,2026-08-05 15:09:00,2026-08-05 15:09:00,355,OK,OK,421,,1,17
2026-08-05 15:10:00,2026-08-05 00:00:00,2026-08-05 15:10:00,2026-08-05 15:10:00,356,OK,OK,26,,1,17
2026-08-05 15:11:00,2026-08-05 00:00:00,2026-08-05 15:11:00,2026-08-05 15:11:00,357,OK,OK,65,,1,17
2026-08-05 15:12:00,2026-08-05 00:00:00,2026-08-05 15:12:00,2026-08-05 15:12:00,358,OK,OK,324,,1,17
2026-08-05 15:13:00,2026-08-05 00:00:00,2026-08-05 15:13:00,2026-08-05 15:13:00,359,OK,OK,30,,1,17
2026-08-05 15:14:00,2026-08-05 00:00:00,2026-08-05 15:14:00,2026-08-05 15:14:00,360,OK,OK,658,,1,17
2026-08-05 15:15:00,2026-08-05 00:00:00,2026-08-05 15:15:00,2026-08-05 15:15:00,361,OK,OK,32,,1,17
2026-08-05 15:16:00,2026-08-05 00:00:00,2026-08-05 15:16:00,2026-08-05 15:16:00,362,OK,OK,428,,1,17
2026-08-05 15:17:00,2026-08-05 00:00:00,2026-08-05 15:17:00,2026-08-05 15:17:00,363,OK,OK,561,,1,17
2026-08-05 15:18:00,2026-08-05 00:00:00,2026-08-05 15:18:00,2026-08-05 15:18:00,364,OK,OK,33,,1,17
2026-08-05 15:19:00,2026-08-05 00:00:00,2026-08-05 15:19:00,2026-08-05 15:19:00,365,OK,OK,413,,1,17
2026-08-05 15:20:00,2026-08-05 00:00:00,2026-08-05 15:20:00,2026-08-05 15:20:00,366,OK,OK,397,,1,17
2026-08-05 15:21:00,2026-08-05 00:00:00,2026-08-05 15:21:00,2026-08-05 15:21:00,367,OK,OK,34,,1,17
2026-08-05 15:22:00,2026-08-05 00:00:00,2026-08-05 15:22:00,2026-08-05 15:22:00,368,OK,OK,263,,1,17
2026-08-05 15:23:00,2026-08-05 00:00:00,2026-08-05 15:23:00,2026-08-05 15:23:00,369,OK,OK,92,,1,17
2026-08-05 15:24:00,2026-08-05 00:00:00,2026-08-05 15:24:00,2026-08-05 15:24:00,370,OK,OK,789,,1,17
2026-08-05 15:25:00,2026-08-05 00:00:00,2026-08-05 15:25:00,2026-08-05 15:25:00,371,OK,OK,150,,1,17
2026-08-05 15:26:00,2026-08-05 00:00:00,2026-08-05 15:26:00,2026-08-05 15:26:00,372,OK,OK,143,,1,17
2026-08-05 15:27:00,2026-08-05 00:00:00,2026-08-05 15:27:00,2026-08-05 15:27:00,373,OK,OK,443,,1,17
2026-08-05 15:28:00,2026-08-05 00:00:00,2026-08-05 15:28:00,2026-08-05 15:28:00,374,OK,OK,345,,1,17
2026-08-05 15:29:00,2026-08-05 00:00:00,2026-08-05 15:29:00,2026-08-05 15:29:00,375,OK,OK,44,,1,17
2026-08-05 15:30:00,2026-08-05 00:00:00,2026-08-05 15:30:00,2026-08-05 15:30:00,376,OK,OK,518,,1,17
2026-08-05 15:31:00,2026-08-05 00:00:00,2026-08-05 15:31:00,2026-08-05 15:31:00,377,OK,OK,865,,1,17
2026-08-05 15:32:00,2026-08-05 00:00:00,2026-08-05 15:32:00,2026-08-05 15:32:00,378,OK,OK,422,,1,17