date_ist,minute_bucket_ist,run_id,symbol,expiry_requested,expiry_used,asof_utc,nse_status,fetch_ms,warnings,spot,atm_strike,step,call_oi_sum,put_oi_sum,call_coi_sum,put_coi_sum,pcr_coi,net_oi,net_coi,call_wall_strike,put_wall_strike
2026-08-20 00:00:00,2026-08-20 09:15:00,1,NIFTY,2026-08-11 00:00:00,,,BLOCKED,0,"Non-JSON response, HTTP 403 | HTTP 403",0,0,50,0,0,0,0,0,0,0,0,0
2026-08-20 00:00:00,2026-08-20 09:16:00,2,NIFTY,2026-08-11 00:00:00,,,BLOCKED,0,"Non-JSON response, HTTP 403 | HTTP 403",0,0,50,0,0,0,0,0,0,0,0,0
2026-08-20 00:00:00,2026-08-20 09:17:00,3,NIFTY,2026-08-11 00:00:00,,,BLOCKED,0,"Non-JSON response, HTTP 403 | HTTP 403",0,0,50,0,0,0,0,0,0,0,0,0
2026-08-20 00:00:00,2026-08-20 09:18:00,4,NIFTY,2026-08-11 00:00:00,,,BLOCKED,0,"Non-JSON response, HTTP 403 | HTTP 403",0,0,50,0,0,0,0,0,0,0,0,0
2026-08-20 00:00:00,2026-08-20 09:19:00,5,NIFTY,2026-08-11 00:00:00,,,BLOCKED,0,"Non-JSON response, HTTP 403 | HTTP 403",0,0,50,0,0,0,0,0,0,0,0,0
2026-08-20 00:00:00,2026-08-20 09:20:00,6,NIFTY,2026-08-11 00:00:00,,,BLOCKED,0,"Non-JSON response, HTTP 403 | HTTP 403",0,0,50,0,0,0,0,0,0,0,0,0
2026-08-20 00:00:00,2026-08-20 09:21:00,7,NIFTY,2026-08-11 00:00:00,,,BLOCKED,0,"Non-JSON response, HTTP 403 | HTTP 403",0,0,50,0,0,0,0,0,0,0,0,0
2026-08-20 00:00:00,2026-08-20 09:22:00,8,NIFTY,2026-08-11 00:00:00,,,BLOCKED,0,"Non-JSON response, HTTP 403 | HTTP 403",0,0,50,0,0,0,0,0,0,0,0,0
2026-08-20 00:00:00,2026-08-20 09:23:00,9,NIFTY,2026-08-11 00:00:00,,,BLOCKED,0,"Non-JSON response, HTTP 403 | HTTP 403",0,0,50,0,0,0,0,0,0,0,0,0
2026-08-20 00:00:00,2026-08-20 09:24:00,10,NIFTY,2026-08-11 00:00:00,,,BLOCKED,0,"Non-JSON response, HTTP 403 | HTTP 403",0,0,50,0,0,0,0,0,0,0,0,0
2026-08-20 00:00:00,2026-08-20 09:25:00,11,NIFTY,2026-08-11 00:00:00,,,BLOCKED,0,"Non-JSON response, HTTP 403 | HTTP 403",0,0,50,0,0,0,0,0,0,0,0,0
2026-08-20 00:00:00,2026-08-20 09:26:00,12,NIFTY,2026-08-11 00:00:00,,,BLOCKED,0,"Non-JSON response, HTTP 403 | HTTP 403",0,0,50,0,0,0,0,0,0,0,0,0
2026-08-20 00:00:00,2026-08-20 09:27:00,13,NIFTY,2026-08-11 00:00:00,,,BLOCKED,0,"Non-JSON response, HTTP 403 | HTTP 403",0,0,50,0,0,0,0,0,0,0,0,0
2026-08-20 00:00:00,2026-08-20 09:28:00,14,NIFTY,2026-08-11 00:00:00,,,BLOCKED,0,"Non-JSON response, HTTP 403 | HTTP 403",0,0,50,0,0,0,0,0,0,0,0,0
2026-08-20 00:00:00,2026-08-20 09:29:00,15,NIFTY,2026-08-11 00:00:00,,,BLOCKED,0,"Non-JSON response, HTTP 403 | HTTP 403",0,0,50,0,0,0,0,0,0,0,0,0
2026-08-20 00:00:00,2026-08-20 09:30:00,16,NIFTY,2026-08-11 00:00:00,,,BLOCKED,0,"Non-JSON response, HTTP 403 | HTTP 403",0,0,50,0,0,0,0,0,0,0,0,0
2026-08-20 00:00:00,2026-08-20 09:31:00,17,NIFTY,2026-08-11 00:00:00,,,BLOCKED,0,"Non-JSON response, HTTP 403 | HTTP 403",0,0,50,0,0,0,0,0,0,0,0,0
2026-08-20 00:00:00,2026-08-20 09:32:00,18,NIFTY,2026-08-11 00:00:00,,,BLOCKED,0,"Non-JSON response, HTTP 403 | HTTP 403",0,0,50,0,0,0,0,0,0,0,0,0
2026-08-20 00:00:00,2026-08-20 09:33:00,19,NIFTY,2026-08-11 00:00:00,,,BLOCKED,0,"Non-JSON response, HTTP 403 | HTTP 403",0,0,50,0,0,0,0,0,0,0,0,0
2026-08-20 00:00:00,2026-08-20 09:34:00,20,NIFTY,2026-08-11 00:00:00,,,BLOCKED,0,"Non-JSON response, HTTP 403 | HTTP 403",0,0,50,0,0,0,0,0,0,0,0,0
2026-08-20 00:00:00,2026-08-20 09:35:00,21,NIFTY,2026-08-11 00:00:00,,,BLOCKED,0,"Non-JSON response, HTTP 403 | HTTP 403",0,0,50,0,0,0,0,0,0,0,0,0
2026-08-20 00:00:00,2026-08-20 09:36:00,22,NIFTY,2026-08-11 00:00:00,,,BLOCKED,0,"Non-JSON response, HTTP 403 | HTTP 403",0,0,50,0,0,0,0,0,0,0,0,0
2026-08-20 00:00:00,2026-08-20 09:37:00,23,NIFTY,2026-08-11 00:00:00,,,BLOCKED,0,"Non-JSON response, HTTP 403 | HTTP 403",0,0,50,0,0,0,0,0,0,0,0,0
2026-08-20 00:00:00,2026-08-20 09:38:00,24,NIFTY,2026-08-11 00:00:00,,,BLOCKED,0,"Non-JSON response, HTTP 403 | HTTP 403",0,0,50,0,0,0,0,0,0,0,0,0
2026-08-20 00:00:00,2026-08-20 09:39:00,25,NIFTY,2026-08-11 00:00:00,,,BLOCKED,0,"Non-JSON response, HTTP 403 | HTTP 403",0,0,50,0,0,0,0,0,0,0,0,0
2026-08-20 00:00:00,2026-08-20 09:40:00,26,NIFTY,2026-08-11 00:00:00,,,BLOCKED,0,"Non-JSON response, HTTP 403 | HTTP 403",0,0,50,0,0,0,0,0,0,0,0,0
2026-08-20 00:00:00,2026-08-20 09:41:00,27,NIFTY,2026-08-11 00:00:00,,,BLOCKED,0,"Non-JSON response, HTTP 403 | HTTP 403",0,0,50,0,0,0,0,0,0,0,0,0
2026-08-20 00:00:00,2026-08-20 09:42:00,28,NIFTY,2026-08-11 00:00:00,,,BLOCKED,0,"Non-JSON response, HTTP 403 | HTTP 403",0,0,50,0,0,0,0,0,0,0,0,0
2026-08-20 00:00:00,2026-08-20 09:43:00,29,NIFTY,2026-08-11 00:00:00,,,BLOCKED,0,"Non-JSON response, HTTP 403 | HTTP 403",0,0,50,0,0,0,0,0,0,0,0,0
2026-08-20 00:00:00,2026-08-20 09:44:00,30,NIFTY,2026-08-11 00:00:00,,,BLOCKED,0,"Non-JSON response, HTTP 403 | HTTP 403",0,0,50,0,0,0,0,0,0,0,0,0
2026-08-20 00:00:00,2026-08-20 09:45:00,31,NIFTY,2026-08-11 00:00:00,,,BLOCKED,0,"Non-JSON response, HTTP 403 | HTTP 403",0,0,50,0,0,0,0,0,0,0,0,0
2026-08-20 00:00:00,2026-08-20 09:46:00,32,NIFTY,2026-08-11 00:00:00,,,BLOCKED,0,"Non-JSON response, HTTP 403 | HTTP 403",0,0,50,0,0,0,0,0,0,0,0,0
2026-08-20 00:00:00,2026-08-20 09:47:00,33,NIFTY,2026-08-11 00:00:00,,,BLOCKED,0,"Non-JSON response, HTTP 403 | HTTP 403",0,0,50,0,0,0,0,0,0,0,0,0
2026-08-20 00:00:00,2026-08-20 09:48:00,34,NIFTY,2026-08-11 00:00:00,,,BLOCKED,0,"Non-JSON response, HTTP 403 | HTTP 403",0,0,50,0,0,0,0,0,0,0,0,0
2026-08-20 00:00:00,2026-08-20 09:49:00,35,NIFTY,2026-08-11 00:00:00,,,BLOCKED,0,"Non-JSON response, HTTP 403 | HTTP 403",0,0,50,0,0,0,0,0,0,0,0,0
2026-08-20 00:00:00,2026-08-20 09:50:00,36,NIFTY,2026-08-11 00:00:00,,,BLOCKED,0,"Non-JSON response, HTTP 403 | HTTP 403",0,0,50,0,0,0,0,0,0,0,0,0
2026-08-20 00:00:00,2026-08-20 09:51:00,37,NIFTY,2026-08-11 00:00:00,,,BLOCKED,0,"Non-JSON response, HTTP 403 | HTTP 403",0,0,50,0,0,0,0,0,0,0,0,0
2026-08-20 00:00:00,2026-08-20 09:52:00,38,NIFTY,2026-08-11 00:00:00,,,BLOCKED,0,"Non-JSON response, HTTP 403 | HTTP 403",0,0,50,0,0,0,0,0,0,0,0,0
2026-08-20 00:00:00,2026-08-20 09:53:00,39,NIFTY,2026-08-11 00:00:00,,,BLOCKED,0,"Non-JSON response, HTTP 403 | HTTP 403",0,0,50,0,0,0,0,0,0,0,0,0
2026-08-20 00:00:00,2026-08-20 09:54:00,40,NIFTY,2026-08-11 00:00:00,,,BLOCKED,0,"Non-JSON response, HTTP 403 | HTTP 403",0,0,50,0,0,0,0,0,0,0,0,0
2026-08-20 00:00:00,2026-08-20 09:55:00,41,NIFTY,2026-08-11 00:00:00,,,BLOCKED,0,"Non-JSON response, HTTP 403 | HTTP 403",0,0,50,0,0,0,0,0,0,0,0,0
2026-08-20 00:00:00,2026-08-20 09:56:00,42,NIFTY,2026-08-11 00:00:00,,,BLOCKED,0,"Non-JSON response, HTTP 403 | HTTP 403",0,0,50,0,0,0,0,0,0,0,0,0
2026-08-20 00:00:00,2026-08-20 09:57:00,43,NIFTY,2026-08-11 00:00:00,,,BLOCKED,0,"Non-JSON response, HTTP 403 | HTTP 403",0,0,50,0,0,0,0,0,0,0,0,0
2026-08-20 00:00:00,2026-08-20 09:58:00,44,NIFTY,2026-08-11 00:00:00,,,BLOCKED,0,"Non-JSON response, HTTP 403 | HTTP 403",0,0,50,0,0,0,0,0,0,0,0,0
2026-08-20 00:00:00,2026-08-20 09:59:00,45,NIFTY,2026-08-11 00:00:00,,,BLOCKED,0,"Non-JSON response, HTTP 403 | HTTP 403",0,0,50,0,0,0,0,0,0,0,0,0
2026-08-20 00:00:00,2026-08-20 10:00:00,46,NIFTY,2026-08-11 00:00:00,,,BLOCKED,0,"Non-JSON response, HTTP 403 | HTTP 403",0,0,50,0,0,0,0,0,0,0,0,0
2026-08-20 00:00:00,2026-08-20 10:02:00,47,NIFTY,2026-08-11 00:00:00,,,BLOCKED,0,"Non-JSON response, HTTP 403 | HTTP 403",0,0,50,0,0,0,0,0,0,0,0,0
2026-08-20 00:00:00,2026-08-20 10:03:00,48,NIFTY,2026-08-11 00:00:00,,,BLOCKED,0,"Non-JSON response, HTTP 403 | HTTP 403",0,0,50,0,0,0,0,0,0,0,0,0
2026-08-20 00:00:00,2026-08-20 10:03:00,49,NIFTY,2026-08-11 00:00:00,,,BLOCKED,0,"Non-JSON response, HTTP 403 | HTTP 403",0,0,50,0,0,0,0,0,0,0,0,0
2026-08-20 00:00:00,2026-08-20 10:04:00,50,NIFTY,2026-08-11 00:00:00,,,BLOCKED,0,"Non-JSON response, HTTP 403 | HTTP 403",0,0,50,0,0,0,0,0,0,0,0,0
2026-08-20 00:00:00,2026-08-20 10:05:00,51,NIFTY,2026-08-11 00:00:00,,,BLOCKED,0,"Non-JSON response, HTTP 403 | HTTP 403",0,0,50,0,0,0,0,0,0,0,0,0
2026-08-20 00:00:00,2026-08-20 10:06:00,52,NIFTY,2026-08-11 00:00:00,,,BLOCKED,0,"Non-JSON response, HTTP 403 | HTTP 403",0,0,50,0,0,0,0,0,0,0,0,0
2026-08-20 00:00:00,2026-08-20 10:07:00,53,NIFTY,2026-08-11 00:00:00,,,BLOCKED,0,"Non-JSON response, HTTP 403 | HTTP 403",0,0,50,0,0,0,0,0,0,0,0,0
2026-08-20 00:00:00,2026-08-20 10:08:00,54,NIFTY,2026-08-11 00:00:00,,,BLOCKED,0,"Non-JSON response, HTTP 403 | HTTP 403",0,0,50,0,0,0,0,0,0,0,0,0
2026-08-20 00:00:00,2026-08-20 10:09:00,55,NIFTY,2026-08-11 00:00:00,,,BLOCKED,0,"Non-JSON response, HTTP 403 | HTTP 403",0,0,50,0,0,0,0,0,0,0,0,0
2026-08-20 00:00:00,2026-08-20 10:10:00,56,NIFTY,2026-08-11 00:00:00,,,BLOCKED,0,"Non-JSON response, HTTP 403 | HTTP 403",0,0,50,0,0,0,0,0,0,0,0,0
2026-08-20 00:00:00,2026-08-20 10:11:00,57,NIFTY,2026-08-11 00:00:00,,,BLOCKED,0,"Non-JSON response, HTTP 403 | HTTP 403",0,0,50,0,0,0,0,0,0,0,0,0
2026-08-20 00:00:00,2026-08-20 10:12:00,58,NIFTY,2026-08-11 00:00:00,,,BLOCKED,0,"Non-JSON response, HTTP 403 | HTTP 403",0,0,50,0,0,0,0,0,0,0,0,0
2026-08-20 00:00:00,2026-08-20 10:13:00,59,NIFTY,2026-08-11 00:00:00,,,BLOCKED,0,"Non-JSON response, HTTP 403 | HTTP 403",0,0,50,0,0,0,0,0,0,0,0,0
2026-08-20 00:00:00,2026-08-20 10:14:00,60,NIFTY,2026-08-11 00:00:00,,,BLOCKED,0,"Non-JSON response, HTTP 403 | HTTP 403",0,0,50,0,0,0,0,0,0,0,0,0
2026-08-20 00:00:00,2026-08-20 10:15:00,61,NIFTY,2026-08-11 00:00:00,,,BLOCKED,0,"Non-JSON response, HTTP 403 | HTTP 403",0,0,50,0,0,0,0,0,0,0,0,0
2026-08-20 00:00:00,2026-08-20 10:16:00,62,NIFTY,2026-08-11 00:00:00,,,BLOCKED,0,"Non-JSON response, HTTP 403 | HTTP 403",0,0,50,0,0,0,0,0,0,0,0,0
2026-08-20 00:00:00,2026-08-20 10:17:00,63,NIFTY,2026-08-11 00:00:00,,,BLOCKED,0,"Non-JSON response, HTTP 403 | HTTP 403",0,0,50,0,0,0,0,0,0,0,0,0
2026-08-20 00:00:00,2026-08-20 10:18:00,64,NIFTY,2026-08-11 00:00:00,,,BLOCKED,0,"Non-JSON response, HTTP 403 | HTTP 403",0,0,50,0,0,0,0,0,0,0,0,0
2026-08-20 00:00:00,2026-08-20 10:19:00,65,NIFTY,2026-08-11 00:00:00,,,BLOCKED,0,"Non-JSON response, HTTP 403 | HTTP 403",0,0,50,0,0,0,0,0,0,0,0,0
2026-08-20 00:00:00,2026-08-20 10:20:00,66,NIFTY,2026-08-11 00:00:00,,,BLOCKED,0,"Non-JSON response, HTTP 403 | HTTP 403",0,0,50,0,0,0,0,0,0,0,0,0
2026-08-20 00:00:00,2026-08-20 10:21:00,67,NIFTY,2026-08-11 00:00:00,,,BLOCKED,0,"Non-JSON response, HTTP 403 | HTTP 403",0,0,50,0,0,0,0,0,0,0,0,0
2026-08-20 00:00:00,2026-08-20 10:22:00,68,NIFTY,2026-08-11 00:00:00,,,BLOCKED,0,"Non-JSON response, HTTP 403 | HTTP 403",0,0,50,0,0,0,0,0,0,0,0,0
2026-08-20 00:00:00,2026-08-20 10:23:00,69,NIFTY,2026-08-11 00:00:00,,,BLOCKED,0,"Non-JSON response, HTTP 403 | HTTP 403",0,0,50,0,0,0,0,0,0,0,0,0
2026-08-20 00:00:00,2026-08-20 10:24:00,70,NIFTY,2026-08-11 00:00:00,,,BLOCKED,0,"Non-JSON response, HTTP 403 | HTTP 403",0,0,50,0,0,0,0,0,0,0,0,0
2026-08-20 00:00:00,2026-08-20 10:25:00,71,NIFTY,2026-08-11 00:00:00,,,BLOCKED,0,"Non-JSON response, HTTP 403 | HTTP 403",0,0,50,0,0,0,0,0,0,0,0,0
2026-08-20 00:00:00,2026-08-20 10:26:00,72,NIFTY,2026-08-11 00:00:00,,,BLOCKED,0,"Non-JSON response, HTTP 403 | HTTP 403",0,0,50,0,0,0,0,0,0,0,0,0
2026-08-20 00:00:00,2026-08-20 10:27:00,73,NIFTY,2026-08-11 00:00:00,,,BLOCKED,0,"Non-JSON response, HTTP 403 | HTTP 403",0,0,50,0,0,0,0,0,0,0,0,0
2026-08-20 00:00:00,2026-08-20 10:28:00,74,NIFTY,2026-08-11 00:00:00,,,BLOCKED,0,"Non-JSON response, HTTP 403 | HTTP 403",0,0,50,0,0,0,0,0,0,0,0,0
2026-08-20 00:00:00,2026-08-20 10:29:00,75,NIFTY,2026-08-11 00:00:00,,,BLOCKED,0,"Non-JSON response, HTTP 403 | HTTP 403",0,0,50,0,0,0,0,0,0,0,0,0
2026-08-20 00:00:00,2026-08-20 10:30:00,76,NIFTY,2026-08-11 00:00:00,,,BLOCKED,0,"Non-JSON response, HTTP 403 | HTTP 403",0,0,50,0,0,0,0,0,0,0,0,0
2026-08-20 00:00:00,2026-08-20 10:31:00,77,NIFTY,2026-08-11 00:00:00,,,BLOCKED,0,"Non-JSON response, HTTP 403 | HTTP 403",0,0,50,0,0,0,0,0,0,0,0,0
2026-08-20 00:00:00,2026-08-20 10:32:00,78,NIFTY,2026-08-11 00:00:00,,,BLOCKED,0,"Non-JSON response, HTTP 403 | HTTP 403",0,0,50,0,0,0,0,0,0,0,0,0
2026-08-20 00:00:00,2026-08-20 10:33:00,79,NIFTY,2026-08-11 00:00:00,,,BLOCKED,0,"Non-JSON response, HTTP 403 | HTTP 403",0,0,50,0,0,0,0,0,0,0,0,0
2026-08-20 00:00:00,2026-08-20 10:34:00,80,NIFTY,2026-08-11 00:00:00,,,BLOCKED,0,"Non-JSON response, HTTP 403 | HTTP 403",0,0,50,0,0,0,0,0,0,0,0,0
2026-08-20 00:00:00,2026-08-20 10:35:00,81,NIFTY,2026-08-11 00:00:00,,,BLOCKED,0,"Non-JSON response, HTTP 403 | HTTP 403",0,0,50,0,0,0,0,0,0,0,0,0
2026-08-20 00:00:00,2026-08-20 10:36:00,82,NIFTY,2026-08-11 00:00:00,,,BLOCKED,0,"Non-JSON response, HTTP 403 | HTTP 403",0,0,50,0,0,0,0,0,0,0,0,0
2026-08-20 00:00:00,2026-08-20 10:37:00,83,NIFTY,2026-08-11 00:00:00,,,BLOCKED,0,"Non-JSON response, HTTP 403 | HTTP 403",0,0,50,0,0,0,0,0,0,0,0,0
2026-08-20 00:00:00,2026-08-20 10:38:00,84,NIFTY,2026-08-11 00:00:00,,,BLOCKED,0,"Non-JSON response, HTTP 403 | HTTP 403",0,0,50,0,0,0,0,0,0,0,0,0
2026-08-20 00:00:00,2026-08-20 10:39:00,85,NIFTY,2026-08-11 00:00:00,,,BLOCKED,0,"Non-JSON response, HTTP 403 | HTTP 403",0,0,50,0,0,0,0,0,0,0,0,0
2026-08-20 00:00:00,2026-08-20 10:40:00,86,NIFTY,2026-08-11 00:00:00,,,BLOCKED,0,"Non-JSON response, HTTP 403 | HTTP 403",0,0,50,0,0,0,0,0,0,0,0,0
2026-08-20 00:00:00,2026-08-20 10:41:00,87,NIFTY,2026-08-11 00:00:00,,,BLOCKED,0,"Non-JSON response, HTTP 403 | HTTP 403",0,0,50,0,0,0,0,0,0,0,0,0
2026-08-20 00:00:00,2026-08-20 10:42:00,88,NIFTY,2026-08-11 00:00:00,,,BLOCKED,0,"Non-JSON response, HTTP 403 | HTTP 403",0,0,50,0,0,0,0,0,0,0,0,0
2026-08-20 00:00:00,2026-08-20 10:43:00,89,NIFTY,2026-08-11 00:00:00,,,BLOCKED,0,"Non-JSON response, HTTP 403 | HTTP 403",0,0,50,0,0,0,0,0,0,0,0,0
2026-08-20 00:00:00,2026-08-20 10:44:00,90,NIFTY,2026-08-11 00:00:00,,,BLOCKED,0,"Non-JSON response, HTTP 403 | HTTP 403",0,0,50,0,0,0,0,0,0,0,0,0
2026-08-20 00:00:00,2026-08-20 10:45:00,91,NIFTY,2026-08-11 00:00:00,,,BLOCKED,0,"Non-JSON response, HTTP 403 | HTTP 403",0,0,50,0,0,0,0,0,0,0,0,0
2026-08-20 00:00:00,2026-08-20 10:46:00,92,NIFTY,2026-08-11 00:00:00,,,BLOCKED,0,"Non-JSON response, HTTP 403 | HTTP 403",0,0,50,0,0,0,0,0,0,0,0,0
2026-08-20 00:00:00,2026-08-20 10:47:00,93,NIFTY,2026-08-11 00:00:00,,,BLOCKED,0,"Non-JSON response, HTTP 403 | HTTP 403",0,0,50,0,0,0,0,0,0,0,0,0
2026-08-20 00:00:00,2026-08-20 10:48:00,94,NIFTY,2026-08-11 00:00:00,,,BLOCKED,0,"Non-JSON response, HTTP 403 | HTTP 403",0,0,50,0,0,0,0,0,0,0,0,0
2026-08-20 00:00:00,2026-08-20 10:49:00,95,NIFTY,2026-08-11 00:00:00,,,BLOCKED,0,"Non-JSON response, HTTP 403 | HTTP 403",0,0,50,0,0,0,0,0,0,0,0,0
2026-08-20 00:00:00,2026-08-20 10:50:00,96,NIFTY,2026-08-11 00:00:00,,,BLOCKED,0,"Non-JSON response, HTTP 403 | HTTP 403",0,0,50,0,0,0,0,0,0,0,0,0
2026-08-20 00:00:00,2026-08-20 10:51:00,97,NIFTY,2026-08-11 00:00:00,,,BLOCKED,0,"Non-JSON response, HTTP 403 | HTTP 403",0,0,50,0,0,0,0,0,0,0,0,0
2026-08-20 00:00:00,2026-08-20 10:52:00,98,NIFTY,2026-08-11 00:00:00,,,BLOCKED,0,"Non-JSON response, HTTP 403 | HTTP 403",0,0,50,0,0,0,0,0,0,0,0,0
2026-08-20 00:00:00,2026-08-20 10:53:00,99,NIFTY,2026-08-11 00:00:00,,,BLOCKED,0,"Non-JSON response, HTTP 403 | HTTP 403",0,0,50,0,0,0,0,0,0,0,0,0
2026-08-20 00:00:00,2026-08-20 10:54:00,100,NIFTY,2026-08-11 00:00:00,,,BLOCKED,0,"Non-JSON response, HTTP 403 | HTTP 403",0,0,50,0,0,0,0,0,0,0,0,0
2026-08-20 00:00:00,2026-08-20 10:55:00,101,NIFTY,2026-08-11 00:00:00,,,BLOCKED,0,"Non-JSON response, HTTP 403 | HTTP 403",0,0,50,0,0,0,0,0,0,0,0,0
2026-08-20 00:00:00,2026-08-20 10:56:00,102,NIFTY,2026-08-11 00:00:00,,,BLOCKED,0,"Non-JSON response, HTTP 403 | HTTP 403",0,0,50,0,0,0,0,0,0,0,0,0
2026-08-20 00:00:00,2026-08-20 10:57:00,103,NIFTY,2026-08-11 00:00:00,,,BLOCKED,0,"Non-JSON response, HTTP 403 | HTTP 403",0,0,50,0,0,0,0,0,0,0,0,0
2026-08-20 00:00:00,2026-08-20 10:58:00,104,NIFTY,2026-08-11 00:00:00,,,BLOCKED,0,"Non-JSON response, HTTP 403 | HTTP 403",0,0,50,0,0,0,0,0,0,0,0,0
2026-08-20 00:00:00,2026-08-20 10:59:00,105,NIFTY,2026-08-11 00:00:00,,,BLOCKED,0,"Non-JSON response, HTTP 403 | HTTP 403",0,0,50,0,0,0,0,0,0,0,0,0
2026-08-20 00:00:00,2026-08-20 11:00:00,106,NIFTY,2026-08-11 00:00:00,,,BLOCKED,0,"Non-JSON response, HTTP 403 | HTTP 403",0,0,50,0,0,0,0,0,0,0,0,0
2026-08-20 00:00:00,2026-08-20 11:01:00,107,NIFTY,2026-08-11 00:00:00,,,BLOCKED,0,"Non-JSON response, HTTP 403 | HTTP 403",0,0,50,0,0,0,0,0,0,0,0,0
2026-08-20 00:00:00,2026-08-20 11:02:00,108,NIFTY,2026-08-11 00:00:00,,,BLOCKED,0,"Non-JSON response, HTTP 403 | HTTP 403",0,0,50,0,0,0,0,0,0,0,0,0
2026-08-20 00:00:00,2026-08-20 11:03:00,109,NIFTY,2026-08-11 00:00:00,,,BLOCKED,0,"Non-JSON response, HTTP 403 | HTTP 403",0,0,50,0,0,0,0,0,0,0,0,0
2026-08-20 00:00:00,2026-08-20 11:04:00,110,NIFTY,2026-08-11 00:00:00,,,BLOCKED,0,"Non-JSON response, HTTP 403 | HTTP 403",0,0,50,0,0,0,0,0,0,0,0,0
2026-08-20 00:00:00,2026-08-20 11:05:00,111,NIFTY,2026-08-11 00:00:00,,,BLOCKED,0,"Non-JSON response, HTTP 403 | HTTP 403",0,0,50,0,0,0,0,0,0,0,0,0
2026-08-20 00:00:00,2026-08-20 11:06:00,112,NIFTY,2026-08-11 00:00:00,,,BLOCKED,0,"Non-JSON response, HTTP 403 | HTTP 403",0,0,50,0,0,0,0,0,0,0,0,0
2026-08-20 00:00:00,2026-08-20 11:07:00,113,NIFTY,2026-08-11 00:00:00,,,BLOCKED,0,"Non-JSON response, HTTP 403 | HTTP 403",0,0,50,0,0,0,0,0,0,0,0,0
2026-08-20 00:00:00,2026-08-20 11:08:00,114,NIFTY,2026-08-11 00:00:00,,,BLOCKED,0,"Non-JSON response, HTTP 403 | HTTP 403",0,0,50,0,0,0,0,0,0,0,0,0
2026-08-20 00:00:00,2026-08-20 11:09:00,115,NIFTY,2026-08-11 00:00:00,,,BLOCKED,0,"Non-JSON response, HTTP 403 | HTTP 403",0,0,50,0,0,0,0,0,0,0,0,0
2026-08-20 00:00:00,2026-08-20 11:10:00,116,NIFTY,2026-08-11 00:00:00,,,BLOCKED,0,"Non-JSON response, HTTP 403 | HTTP 403",0,0,50,0,0,0,0,0,0,0,0,0
2026-08-20 00:00:00,2026-08-20 11:11:00,117,NIFTY,2026-08-11 00:00:00,,,BLOCKED,0,"Non-JSON response, HTTP 403 | HTTP 403",0,0,50,0,0,0,0,0,0,0,0,0
2026-08-20 00:00:00,2026-08-20 11:12:00,118,NIFTY,2026-08-11 00:00:00,,,BLOCKED,0,"Non-JSON response, HTTP 403 | HTTP 403",0,0,50,0,0,0,0,0,0,0,0,0
2026-08-20 00:00:00,2026-08-20 11:13:00,119,NIFTY,2026-08-11 00:00:00,,,BLOCKED,0,"Non-JSON response, HTTP 403 | HTTP 403",0,0,50,0,0,0,0,0,0,0,0,0
2026-08-20 00:00:00,2026-08-20 11:14:00,120,NIFTY,2026-08-11 00:00:00,,,BLOCKED,0,"Non-JSON response, HTTP 403 | HTTP 403",0,0,50,0,0,0,0,0,0,0,0,0
2026-08-20 00:00:00,2026-08-20 11:15:00,121,NIFTY,2026-08-11 00:00:00,,,BLOCKED,0,"Non-JSON response, HTTP 403 | HTTP 403",0,0,50,0,0,0,0,0,0,0,0,0
2026-08-20 00:00:00,2026-08-20 11:16:00,122,NIFTY,2026-08-11 00:00:00,,,BLOCKED,0,"Non-JSON response, HTTP 403 | HTTP 403",0,0,50,0,0,0,0,0,0,0,0,0
2026-08-20 00:00:00,2026-08-20 11:17:00,123,NIFTY,2026-08-11 00:00:00,,,BLOCKED,0,"Non-JSON response, HTTP 403 | HTTP 403",0,0,50,0,0,0,0,0,0,0,0,0
2026-08-20 00:00:00,2026-08-20 11:18:00,124,NIFTY,2026-08-11 00:00:00,,,BLOCKED,0,"Non-JSON response, HTTP 403 | HTTP 403",0,0,50,0,0,0,0,0,0,0,0,0
2026-08-20 00:00:00,2026-08-20 11:19:00,125,NIFTY,2026-08-11 00:00:00,,,BLOCKED,0,"Non-JSON response, HTTP 403 | HTTP 403",0,0,50,0,0,0,0,0,0,0,0,0
2026-08-20 00:00:00,2026-08-20 11:20:00,126,NIFTY,2026-08-11 00:00:00,,,BLOCKED,0,"Non-JSON response, HTTP 403 | HTTP 403",0,0,50,0,0,0,0,0,0,0,0,0
2026-08-20 00:00:00,2026-08-20 11:21:00,127,NIFTY,2026-08-11 00:00:00,,,BLOCKED,0,"Non-JSON response, HTTP 403 | HTTP 403",0,0,50,0,0,0,0,0,0,0,0,0
2026-08-20 00:00:00,2026-08-20 11:22:00,128,NIFTY,2026-08-11 00:00:00,,,BLOCKED,0,"Non-JSON response, HTTP 403 | HTTP 403",0,0,50,0,0,0,0,0,0,0,0,0
2026-08-20 00:00:00,2026-08-20 11:23:00,129,NIFTY,2026-08-11 00:00:00,,,BLOCKED,0,"Non-JSON response, HTTP 403 | HTTP 403",0,0,50,0,0,0,0,0,0,0,0,0
2026-08-20 00:00:00,2026-08-20 11:24:00,130,NIFTY,2026-08-11 00:00:00,,,BLOCKED,0,"Non-JSON response, HTTP 403 | HTTP 403",0,0,50,0,0,0,0,0,0,0,0,0
2026-08-20 00:00:00,2026-08-20 11:25:00,131,NIFTY,2026-08-11 00:00:00,,,BLOCKED,0,"Non-JSON response, HTTP 403 | HTTP 403",0,0,50,0,0,0,0,0,0,0,0,0
2026-08-20 00:00:00,2026-08-20 11:26:00,132,NIFTY,2026-08-11 00:00:00,,,BLOCKED,0,"Non-JSON response, HTTP 403 | HTTP 403",0,0,50,0,0,0,0,0,0,0,0,0
2026-08-20 00:00:00,2026-08-20 11:27:00,133,NIFTY,2026-08-11 00:00:00,,,BLOCKED,0,"Non-JSON response, HTTP 403 | HTTP 403",0,0,50,0,0,0,0,0,0,0,0,0
2026-08-20 00:00:00,2026-08-20 11:28:00,134,NIFTY,2026-08-11 00:00:00,,,BLOCKED,0,"Non-JSON response, HTTP 403 | HTTP 403",0,0,50,0,0,0,0,0,0,0,0,0
2026-08-20 00:00:00,2026-08-20 11:29:00,135,NIFTY,2026-08-11 00:00:00,,,BLOCKED,0,"Non-JSON response, HTTP 403 | HTTP 403",0,0,50,0,0,0,0,0,0,0,0,0
2026-08-20 00:00:00,2026-08-20 11:30:00,136,NIFTY,2026-08-11 00:00:00,,,BLOCKED,0,"Non-JSON response, HTTP 403 | HTTP 403",0,0,50,0,0,0,0,0,0,0,0,0
2026-08-20 00:00:00,2026-08-20 11:31:00,137,NIFTY,2026-08-11 00:00:00,,,BLOCKED,0,"Non-JSON response, HTTP 403 | HTTP 403",0,0,50,0,0,0,0,0,0,0,0,0
2026-08-20 00:00:00,2026-08-20 11:32:00,138,NIFTY,2026-08-11 00:00:00,,,BLOCKED,0,"Non-JSON response, HTTP 403 | HTTP 403",0,0,50,0,0,0,0,0,0,0,0,0
2026-08-20 00:00:00,2026-08-20 11:33:00,139,NIFTY,2026-08-11 00:00:00,,,BLOCKED,0,"Non-JSON response, HTTP 403 | HTTP 403",0,0,50,0,0,0,0,0,0,0,0,0
2026-08-20 00:00:00,2026-08-20 11:34:00,140,NIFTY,2026-08-11 00:00:00,,,BLOCKED,0,"Non-JSON response, HTTP 403 | HTTP 403",0,0,50,0,0,0,0,0,0,0,0,0
2026-08-20 00:00:00,2026-08-20 11:35:00,141,NIFTY,2026-08-11 00:00:00,,,BLOCKED,0,"Non-JSON response, HTTP 403 | HTTP 403",0,0,50,0,0,0,0,0,0,0,0,0
2026-08-20 00:00:00,2026-08-20 11:36:00,142,NIFTY,2026-08-11 00:00:00,,,BLOCKED,0,"Non-JSON response, HTTP 403 | HTTP 403",0,0,50,0,0,0,0,0,0,0,0,0
2026-08-20 00:00:00,2026-08-20 11:37:00,143,NIFTY,2026-08-11 00:00:00,,,BLOCKED,0,"Non-JSON response, HTTP 403 | HTTP 403",0,0,50,0,0,0,0,0,0,0,0,0
2026-08-20 00:00:00,2026-08-20 11:38:00,144,NIFTY,2026-08-11 00:00:00,,,BLOCKED,0,"Non-JSON response, HTTP 403 | HTTP 403",0,0,50,0,0,0,0,0,0,0,0,0
2026-08-20 00:00:00,2026-08-20 11:39:00,145,NIFTY,2026-08-11 00:00:00,,,BLOCKED,0,"Non-JSON response, HTTP 403 | HTTP 403",0,0,50,0,0,0,0,0,0,0,0,0
2026-08-20 00:00:00,2026-08-20 11:40:00,146,NIFTY,2026-08-11 00:00:00,,,BLOCKED,0,"Non-JSON response, HTTP 403 | HTTP 403",0,0,50,0,0,0,0,0,0,0,0,0
2026-08-20 00:00:00,2026-08-20 11:41:00,147,NIFTY,2026-08-11 00:00:00,,,BLOCKED,0,"Non-JSON response, HTTP 403 | HTTP 403",0,0,50,0,0,0,0,0,0,0,0,0
2026-08-20 00:00:00,2026-08-20 11:42:00,148,NIFTY,2026-08-11 00:00:00,,,BLOCKED,0,"Non-JSON response, HTTP 403 | HTTP 403",0,0,50,0,0,0,0,0,0,0,0,0
2026-08-20 00:00:00,2026-08-20 11:43:00,149,NIFTY,2026-08-11 00:00:00,,,BLOCKED,0,"Non-JSON response, HTTP 403 | HTTP 403",0,0,50,0,0,0,0,0,0,0,0,0
2026-08-20 00:00:00,2026-08-20 11:44:00,150,NIFTY,2026-08-11 00:00:00,,,BLOCKED,0,"Non-JSON response, HTTP 403 | HTTP 403",0,0,50,0,0,0,0,0,0,0,0,0
2026-08-20 00:00:00,2026-08-20 11:45:00,151,NIFTY,2026-08-11 00:00:00,,,BLOCKED,0,"Non-JSON response, HTTP 403 | HTTP 403",0,0,50,0,0,0,0,0,0,0,0,0
2026-08-20 00:00:00,2026-08-20 11:46:00,152,NIFTY,2026-08-11 00:00:00,,,BLOCKED,0,"Non-JSON response, HTTP 403 | HTTP 403",0,0,50,0,0,0,0,0,0,0,0,0
2026-08-20 00:00:00,2026-08-20 11:47:00,153,NIFTY,2026-08-11 00:00:00,,,BLOCKED,0,"Non-JSON response, HTTP 403 | HTTP 403",0,0,50,0,0,0,0,0,0,0,0,0
2026-08-20 00:00:00,2026-08-20 11:48:00,154,NIFTY,2026-08-11 00:00:00,,,BLOCKED,0,"Non-JSON response, HTTP 403 | HTTP 403",0,0,50,0,0,0,0,0,0,0,0,0
2026-08-20 00:00:00,2026-08-20 11:49:00,155,NIFTY,2026-08-11 00:00:00,,,BLOCKED,0,"Non-JSON response, HTTP 403 | HTTP 403",0,0,50,0,0,0,0,0,0,0,0,0
2026-08-20 00:00:00,2026-08-20 11:50:00,156,NIFTY,2026-08-11 00:00:00,,,BLOCKED,0,"Non-JSON response, HTTP 403 | HTTP 403",0,0,50,0,0,0,0,0,0,0,0,0
2026-08-20 00:00:00,2026-08-20 11:51:00,157,NIFTY,2026-08-11 00:00:00,,,BLOCKED,0,"Non-JSON response, HTTP 403 | HTTP 403",0,0,50,0,0,0,0,0,0,0,0,0
2026-08-20 00:00:00,2026-08-20 11:52:00,158,NIFTY,2026-08-11 00:00:00,,,BLOCKED,0,"Non-JSON response, HTTP 403 | HTTP 403",0,0,50,0,0,0,0,0,0,0,0,0
2026-08-20 00:00:00,2026-08-20 11:53:00,159,NIFTY,2026-08-11 00:00:00,,,BLOCKED,0,"Non-JSON response, HTTP 403 | HTTP 403",0,0,50,0,0,0,0,0,0,0,0,0
2026-08-20 00:00:00,2026-08-20 11:54:00,160,NIFTY,2026-08-11 00:00:00,,,BLOCKED,0,"Non-JSON response, HTTP 403 | HTTP 403",0,0,50,0,0,0,0,0,0,0,0,0
2026-08-20 00:00:00,2026-08-20 11:55:00,161,NIFTY,2026-08-11 00:00:00,,,BLOCKED,0,"Non-JSON response, HTTP 403 | HTTP 403",0,0,50,0,0,0,0,0,0,0,0,0
2026-08-20 00:00:00,2026-08-20 11:56:00,162,NIFTY,2026-08-11 00:00:00,,,BLOCKED,0,"Non-JSON response, HTTP 403 | HTTP 403",0,0,50,0,0,0,0,0,0,0,0,0
2026-08-20 00:00:00,2026-08-20 11:57:00,163,NIFTY,2026-08-11 00:00:00,,,BLOCKED,0,"Non-JSON response, HTTP 403 | HTTP 403",0,0,50,0,0,0,0,0,0,0,0,0
2026-08-20 00:00:00,2026-08-20 11:58:00,164,NIFTY,2026-08-11 00:00:00,,,BLOCKED,0,"Non-JSON response, HTTP 403 | HTTP 403",0,0,50,0,0,0,0,0,0,0,0,0
2026-08-20 00:00:00,2026-08-20 11:59:00,165,NIFTY,2026-08-11 00:00:00,,,BLOCKED,0,"Non-JSON response, HTTP 403 | HTTP 403",0,0,50,0,0,0,0,0,0,0,0,0
2026-08-20 00:00:00,2026-08-20 12:00:00,166,NIFTY,2026-08-11 00:00:00,,,BLOCKED,0,"Non-JSON response, HTTP 403 | HTTP 403",0,0,50,0,0,0,0,0,0,0,0,0
2026-08-20 00:00:00,2026-08-20 12:01:00,167,NIFTY,2026-08-11 00:00:00,,,BLOCKED,0,"Non-JSON response, HTTP 403 | HTTP 403",0,0,50,0,0,0,0,0,0,0,0,0
2026-08-20 00:00:00,2026-08-20 12:02:00,168,NIFTY,2026-08-11 00:00:00,,,BLOCKED,0,"Non-JSON response, HTTP 403 | HTTP 403",0,0,50,0,0,0,0,0,0,0,0,0
2026-08-20 00:00:00,2026-08-20 12:03:00,169,NIFTY,2026-08-11 00:00:00,,,BLOCKED,0,"Non-JSON response, HTTP 403 | HTTP 403",0,0,50,0,0,0,0,0,0,0,0,0
2026-08-20 00:00:00,2026-08-20 12:04:00,170,NIFTY,2026-08-11 00:00:00,,,BLOCKED,0,"Non-JSON response, HTTP 403 | HTTP 403",0,0,50,0,0,0,0,0,0,0,0,0
2026-08-20 00:00:00,2026-08-20 12:05:00,171,NIFTY,2026-08-11 00:00:00,,,BLOCKED,0,"Non-JSON response, HTTP 403 | HTTP 403",0,0,50,0,0,0,0,0,0,0,0,0
2026-08-20 00:00:00,2026-08-20 12:06:00,172,NIFTY,2026-08-11 00:00:00,,,BLOCKED,0,"Non-JSON response, HTTP 403 | HTTP 403",0,0,50,0,0,0,0,0,0,0,0,0
2026-08-20 00:00:00,2026-08-20 12:07:00,173,NIFTY,2026-08-11 00:00:00,,,BLOCKED,0,"Non-JSON response, HTTP 403 | HTTP 403",0,0,50,0,0,0,0,0,0,0,0,0
2026-08-20 00:00:00,2026-08-20 12:08:00,174,NIFTY,2026-08-11 00:00:00,,,BLOCKED,0,"Non-JSON response, HTTP 403 | HTTP 403",0,0,50,0,0,0,0,0,0,0,0,0
2026-08-20 00:00:00,2026-08-20 12:09:00,175,NIFTY,2026-08-11 00:00:00,,,BLOCKED,0,"Non-JSON response, HTTP 403 | HTTP 403",0,0,50,0,0,0,0,0,0,0,0,0
2026-08-20 00:00:00,2026-08-20 12:10:00,176,NIFTY,2026-08-11 00:00:00,,,BLOCKED,0,"Non-JSON response, HTTP 403 | HTTP 403",0,0,50,0,0,0,0,0,0,0,0,0
2026-08-20 00:00:00,2026-08-20 12:11:00,177,NIFTY,2026-08-11 00:00:00,,,BLOCKED,0,"Non-JSON response, HTTP 403 | HTTP 403",0,0,50,0,0,0,0,0,0,0,0,0
2026-08-20 00:00:00,2026-08-20 12:12:00,178,NIFTY,2026-08-11 00:00:00,,,BLOCKED,0,"Non-JSON response, HTTP 403 | HTTP 403",0,0,50,0,0,0,0,0,0,0,0,0
2026-08-20 00:00:00,2026-08-20 12:13:00,179,NIFTY,2026-08-11 00:00:00,,,BLOCKED,0,"Non-JSON response, HTTP 403 | HTTP 403",0,0,50,0,0,0,0,0,0,0,0,0
2026-08-20 00:00:00,2026-08-20 12:14:00,180,NIFTY,2026-08-11 00:00:00,,,BLOCKED,0,"Non-JSON response, HTTP 403 | HTTP 403",0,0,50,0,0,0,0,0,0,0,0,0
2026-08-20 00:00:00,2026-08-20 12:15:00,181,NIFTY,2026-08-11 00:00:00,,,BLOCKED,0,"Non-JSON response, HTTP 403 | HTTP 403",0,0,50,0,0,0,0,0,0,0,0,0
2026-08-20 00:00:00,2026-08-20 12:16:00,182,NIFTY,2026-08-11 00:00:00,,,BLOCKED,0,"Non-JSON response, HTTP 403 | HTTP 403",0,0,50,0,0,0,0,0,0,0,0,0
2026-08-20 00:00:00,2026-08-20 12:17:00,183,NIFTY,2026-08-11 00:00:00,,,BLOCKED,0,"Non-JSON response, HTTP 403 | HTTP 403",0,0,50,0,0,0,0,0,0,0,0,0
2026-08-20 00:00:00,2026-08-20 12:18:00,184,NIFTY,2026-08-11 00:00:00,,,BLOCKED,0,"Non-JSON response, HTTP 403 | HTTP 403",0,0,50,0,0,0,0,0,0,0,0,0
2026-08-20 00:00:00,2026-08-20 12:19:00,185,NIFTY,2026-08-11 00:00:00,,,BLOCKED,0,"Non-JSON response, HTTP 403 | HTTP 403",0,0,50,0,0,0,0,0,0,0,0,0
2026-08-20 00:00:00,2026-08-20 12:20:00,186,NIFTY,2026-08-11 00:00:00,,,BLOCKED,0,"Non-JSON response, HTTP 403 | HTTP 403",0,0,50,0,0,0,0,0,0,0,0,0
2026-08-20 00:00:00,2026-08-20 12:21:00,187,NIFTY,2026-08-11 00:00:00,,,BLOCKED,0,"Non-JSON response, HTTP 403 | HTTP 403",0,0,50,0,0,0,0,0,0,0,0,0
2026-08-20 00:00:00,2026-08-20 12:22:00,188,NIFTY,2026-08-11 00:00:00,,,BLOCKED,0,"Non-JSON response, HTTP 403 | HTTP 403",0,0,50,0,0,0,0,0,0,0,0,0
2026-08-20 00:00:00,2026-08-20 12:23:00,189,NIFTY,2026-08-11 00:00:00,,,BLOCKED,0,"Non-JSON response, HTTP 403 | HTTP 403",0,0,50,0,0,0,0,0,0,0,0,0
2026-08-20 00:00:00,2026-08-20 12:24:00,190,NIFTY,2026-08-11 00:00:00,,,BLOCKED,0,"Non-JSON response, HTTP 403 | HTTP 403",0,0,50,0,0,0,0,0,0,0,0,0
2026-08-20 00:00:00,2026-08-20 12:25:00,191,NIFTY,2026-08-11 00:00:00,,,BLOCKED,0,"Non-JSON response, HTTP 403 | HTTP 403",0,0,50,0,0,0,0,0,0,0,0,0
2026-08-20 00:00:00,2026-08-20 12:26:00,192,NIFTY,2026-08-11 00:00:00,,,BLOCKED,0,"Non-JSON response, HTTP 403 | HTTP 403",0,0,50,0,0,0,0,0,0,0,0,0
2026-08-20 00:00:00,2026-08-20 12:27:00,193,NIFTY,2026-08-11 00:00:00,,,BLOCKED,0,"Non-JSON response, HTTP 403 | HTTP 403",0,0,50,0,0,0,0,0,0,0,0,0
2026-08-20 00:00:00,2026-08-20 12:28:00,194,NIFTY,2026-08-11 00:00:00,,,BLOCKED,0,"Non-JSON response, HTTP 403 | HTTP 403",0,0,50,0,0,0,0,0,0,0,0,0
2026-08-20 00:00:00,2026-08-20 12:29:00,195,NIFTY,2026-08-11 00:00:00,,,BLOCKED,0,"Non-JSON response, HTTP 403 | HTTP 403",0,0,50,0,0,0,0,0,0,0,0,0
2026-08-20 00:00:00,2026-08-20 12:30:00,196,NIFTY,2026-08-11 00:00:00,,,BLOCKED,0,"Non-JSON response, HTTP 403 | HTTP 403",0,0,50,0,0,0,0,0,0,0,0,0
2026-08-20 00:00:00,2026-08-20 12:31:00,197,NIFTY,2026-08-11 00:00:00,,,BLOCKED,0,"Non-JSON response, HTTP 403 | HTTP 403",0,0,50,0,0,0,0,0,0,0,0,0
2026-08-20 00:00:00,2026-08-20 12:32:00,198,NIFTY,2026-08-11 00:00:00,,,BLOCKED,0,"Non-JSON response, HTTP 403 | HTTP 403",0,0,50,0,0,0,0,0,0,0,0,0
2026-08-20 00:00:00,2026-08-20 12:33:00,199,NIFTY,2026-08-11 00:00:00,,,BLOCKED,0,"Non-JSON response, HTTP 403 | HTTP 403",0,0,50,0,0,0,0,0,0,0,0,0
2026-08-20 00:00:00,2026-08-20 12:34:00,200,NIFTY,2026-08-11 00:00:00,,,BLOCKED,0,"Non-JSON response, HTTP 403 | HTTP 403",0,0,50,0,0,0,0,0,0,0,0,0
2026-08-20 00:00:00,2026-08-20 12:35:00,201,NIFTY,2026-08-11 00:00:00,,,BLOCKED,0,"Non-JSON response, HTTP 403 | HTTP 403",0,0,50,0,0,0,0,0,0,0,0,0
2026-08-20 00:00:00,2026-08-20 12:36:00,202,NIFTY,2026-08-11 00:00:00,,,BLOCKED,0,"Non-JSON response, HTTP 403 | HTTP 403",0,0,50,0,0,0,0,0,0,0,0,0
2026-08-20 00:00:00,2026-08-20 12:37:00,203,NIFTY,2026-08-11 00:00:00,,,BLOCKED,0,"Non-JSON response, HTTP 403 | HTTP 403",0,0,50,0,0,0,0,0,0,0,0,0
2026-08-20 00:00:00,2026-08-20 12:38:00,204,NIFTY,2026-08-11 00:00:00,,,BLOCKED,0,"Non-JSON response, HTTP 403 | HTTP 403",0,0,50,0,0,0,0,0,0,0,0,0
2026-08-20 00:00:00,2026-08-20 12:39:00,205,NIFTY,2026-08-11 00:00:00,,,BLOCKED,0,"Non-JSON response, HTTP 403 | HTTP 403",0,0,50,0,0,0,0,0,0,0,0,0
2026-08-20 00:00:00,2026-08-20 12:40:00,206,NIFTY,2026-08-11 00:00:00,,,BLOCKED,0,"Non-JSON response, HTTP 403 | HTTP 403",0,0,50,0,0,0,0,0,0,0,0,0
2026-08-20 00:00:00,2026-08-20 12:41:00,207,NIFTY,2026-08-11 00:00:00,,,BLOCKED,0,"Non-JSON response, HTTP 403 | HTTP 403",0,0,50,0,0,0,0,0,0,0,0,0
2026-08-20 00:00:00,2026-08-20 12:42:00,208,NIFTY,2026-08-11 00:00:00,,,BLOCKED,0,"Non-JSON response, HTTP 403 | HTTP 403",0,0,50,0,0,0,0,0,0,0,0,0
2026-08-20 00:00:00,2026-08-20 12:43:00,209,NIFTY,2026-08-11 00:00:00,,,BLOCKED,0,"Non-JSON response, HTTP 403 | HTTP 403",0,0,50,0,0,0,0,0,0,0,0,0
2026-08-20 00:00:00,2026-08-20 12:44:00,210,NIFTY,2026-08-11 00:00:00,,,BLOCKED,0,"Non-JSON response, HTTP 403 | HTTP 403",0,0,50,0,0,0,0,0,0,0,0,0
2026-08-20 00:00:00,2026-08-20 12:45:00,211,NIFTY,2026-08-11 00:00:00,,,BLOCKED,0,"Non-JSON response, HTTP 403 | HTTP 403",0,0,50,0,0,0,0,0,0,0,0,0
2026-08-20 00:00:00,2026-08-20 12:46:00,212,NIFTY,2026-08-11 00:00:00,,,BLOCKED,0,"Non-JSON response, HTTP 403 | HTTP 403",0,0,50,0,0,0,0,0,0,0,0,0
2026-08-20 00:00:00,2026-08-20 12:47:00,213,NIFTY,2026-08-11 00:00:00,,,BLOCKED,0,"Non-JSON response, HTTP 403 | HTTP 403",0,0,50,0,0,0,0,0,0,0,0,0
2026-08-20 00:00:00,2026-08-20 12:48:00,214,NIFTY,2026-08-11 00:00:00,,,BLOCKED,0,"Non-JSON response, HTTP 403 | HTTP 403",0,0,50,0,0,0,0,0,0,0,0,0
2026-08-20 00:00:00,2026-08-20 12:49:00,215,NIFTY,2026-08-11 00:00:00,,,BLOCKED,0,"Non-JSON response, HTTP 403 | HTTP 403",0,0,50,0,0,0,0,0,0,0,0,0
2026-08-20 00:00:00,2026-08-20 12:50:00,216,NIFTY,2026-08-11 00:00:00,,,BLOCKED,0,"Non-JSON response, HTTP 403 | HTTP 403",0,0,50,0,0,0,0,0,0,0,0,0
2026-08-20 00:00:00,2026-08-20 12:51:00,217,NIFTY,2026-08-11 00:00:00,,,BLOCKED,0,"Non-JSON response, HTTP 403 | HTTP 403",0,0,50,0,0,0,0,0,0,0,0,0
2026-08-20 00:00:00,2026-08-20 12:52:00,218,NIFTY,2026-08-11 00:00:00,,,BLOCKED,0,"Non-JSON response, HTTP 403 | HTTP 403",0,0,50,0,0,0,0,0,0,0,0,0
2026-08-20 00:00:00,2026-08-20 12:53:00,219,NIFTY,2026-08-11 00:00:00,,,BLOCKED,0,"Non-JSON response, HTTP 403 | HTTP 403",0,0,50,0,0,0,0,0,0,0,0,0
2026-08-20 00:00:00,2026-08-20 12:54:00,220,NIFTY,2026-08-11 00:00:00,,,BLOCKED,0,"Non-JSON response, HTTP 403 | HTTP 403",0,0,50,0,0,0,0,0,0,0,0,0
2026-08-20 00:00:00,2026-08-20 12:55:00,221,NIFTY,2026-08-11 00:00:00,,,BLOCKED,0,"Non-JSON response, HTTP 403 | HTTP 403",0,0,50,0,0,0,0,0,0,0,0,0
2026-08-20 00:00:00,2026-08-20 12:56:00,222,NIFTY,2026-08-11 00:00:00,,,BLOCKED,0,"Non-JSON response, HTTP 403 | HTTP 403",0,0,50,0,0,0,0,0,0,0,0,0
2026-08-20 00:00:00,2026-08-20 12:57:00,223,NIFTY,2026-08-11 00:00:00,,,BLOCKED,0,"Non-JSON response, HTTP 403 | HTTP 403",0,0,50,0,0,0,0,0,0,0,0,0
2026-08-20 00:00:00,2026-08-20 12:58:00,224,NIFTY,2026-08-11 00:00:00,,,BLOCKED,0,"Non-JSON response, HTTP 403 | HTTP 403",0,0,50,0,0,0,0,0,0,0,0,0
2026-08-20 00:00:00,2026-08-20 12:59:00,225,NIFTY,2026-08-11 00:00:00,,,BLOCKED,0,"Non-JSON response, HTTP 403 | HTTP 403",0,0,50,0,0,0,0,0,0,0,0,0
2026-08-20 00:00:00,2026-08-20 13:00:00,226,NIFTY,2026-08-11 00:00:00,,,BLOCKED,0,"Non-JSON response, HTTP 403 | HTTP 403",0,0,50,0,0,0,0,0,0,0,0,0
2026-08-20 00:00:00,2026-08-20 13:01:00,227,NIFTY,2026-08-11 00:00:00,,,BLOCKED,0,"Non-JSON response, HTTP 403 | HTTP 403",0,0,50,0,0,0,0,0,0,0,0,0
2026-08-20 00:00:00,2026-08-20 13:02:00,228,NIFTY,2026-08-11 00:00:00,,,BLOCKED,0,"Non-JSON response, HTTP 403 | HTTP 403",0,0,50,0,0,0,0,0,0,0,0,0
2026-08-20 00:00:00,2026-08-20 13:03:00,229,NIFTY,2026-08-11 00:00:00,,,BLOCKED,0,"Non-JSON response, HTTP 403 | HTTP 403",0,0,50,0,0,0,0,0,0,0,0,0
2026-08-20 00:00:00,2026-08-20 13:04:00,230,NIFTY,2026-08-11 00:00:00,,,BLOCKED,0,"Non-JSON response, HTTP 403 | HTTP 403",0,0,50,0,0,0,0,0,0,0,0,0
2026-08-20 00:00:00,2026-08-20 13:05:00,231,NIFTY,2026-08-11 00:00:00,,,BLOCKED,0,"Non-JSON response, HTTP 403 | HTTP 403",0,0,50,0,0,0,0,0,0,0,0,0
2026-08-20 00:00:00,2026-08-20 13:06:00,232,NIFTY,2026-08-11 00:00:00,,,BLOCKED,0,"Non-JSON response, HTTP 403 | HTTP 403",0,0,50,0,0,0,0,0,0,0,0,0
2026-08-20 00:00:00,2026-08-20 13:07:00,233,NIFTY,2026-08-11 00:00:00,,,BLOCKED,0,"Non-JSON response, HTTP 403 | HTTP 403",0,0,50,0,0,0,0,0,0,0,0,0
2026-08-20 00:00:00,2026-08-20 13:08:00,234,NIFTY,2026-08-11 00:00:00,,,BLOCKED,0,"Non-JSON response, HTTP 403 | HTTP 403",0,0,50,0,0,0,0,0,0,0,0,0
2026-08-20 00:00:00,2026-08-20 13:09:00,235,NIFTY,2026-08-11 00:00:00,,,BLOCKED,0,"Non-JSON response, HTTP 403 | HTTP 403",0,0,50,0,0,0,0,0,0,0,0,0
2026-08-20 00:00:00,2026-08-20 13:10:00,236,NIFTY,2026-08-11 00:00:00,,,BLOCKED,0,"Non-JSON response, HTTP 403 | HTTP 403",0,0,50,0,0,0,0,0,0,0,0,0
2026-08-20 00:00:00,2026-08-20 13:11:00,237,NIFTY,2026-08-11 00:00:00,,,BLOCKED,0,"Non-JSON response, HTTP 403 | HTTP 403",0,0,50,0,0,0,0,0,0,0,0,0
2026-08-20 00:00:00,2026-08-20 13:12:00,238,NIFTY,2026-08-11 00:00:00,,,BLOCKED,0,"Non-JSON response, HTTP 403 | HTTP 403",0,0,50,0,0,0,0,0,0,0,0,0
2026-08-20 00:00:00,2026-08-20 13:13:00,239,NIFTY,2026-08-11 00:00:00,,,BLOCKED,0,"Non-JSON response, HTTP 403 | HTTP 403",0,0,50,0,0,0,0,0,0,0,0,0
2026-08-20 00:00:00,2026-08-20 13:14:00,240,NIFTY,2026-08-11 00:00:00,,,BLOCKED,0,"Non-JSON response, HTTP 403 | HTTP 403",0,0,50,0,0,0,0,0,0,0,0,0
2026-08-20 00:00:00,2026-08-20 13:15:00,241,NIFTY,2026-08-11 00:00:00,,,BLOCKED,0,"Non-JSON response, HTTP 403 | HTTP 403",0,0,50,0,0,0,0,0,0,0,0,0
2026-08-20 00:00:00,2026-08-20 13:16:00,242,NIFTY,2026-08-11 00:00:00,,,BLOCKED,0,"Non-JSON response, HTTP 403 | HTTP 403",0,0,50,0,0,0,0,0,0,0,0,0
2026-08-20 00:00:00,2026-08-20 13:17:00,243,NIFTY,2026-08-11 00:00:00,,,BLOCKED,0,"Non-JSON response, HTTP 403 | HTTP 403",0,0,50,0,0,0,0,0,0,0,0,0
2026-08-20 00:00:00,2026-08-20 13:18:00,244,NIFTY,2026-08-11 00:00:00,,,BLOCKED,0,"Non-JSON response, HTTP 403 | HTTP 403",0,0,50,0,0,0,0,0,0,0,0,0
2026-08-20 00:00:00,2026-08-20 13:19:00,245,NIFTY,2026-08-11 00:00:00,,,BLOCKED,0,"Non-JSON response, HTTP 403 | HTTP 403",0,0,50,0,0,0,0,0,0,0,0,0
2026-08-20 00:00:00,2026-08-20 13:20:00,246,NIFTY,2026-08-11 00:00:00,,,BLOCKED,0,"Non-JSON response, HTTP 403 | HTTP 403",0,0,50,0,0,0,0,0,0,0,0,0
2026-08-20 00:00:00,2026-08-20 13:21:00,247,NIFTY,2026-08-11 00:00:00,,,BLOCKED,0,"Non-JSON response, HTTP 403 | HTTP 403",0,0,50,0,0,0,0,0,0,0,0,0
2026-08-20 00:00:00,2026-08-20 13:22:00,248,NIFTY,2026-08-11 00:00:00,,,BLOCKED,0,"Non-JSON response, HTTP 403 | HTTP 403",0,0,50,0,0,0,0,0,0,0,0,0
2026-08-20 00:00:00,2026-08-20 13:23:00,249,NIFTY,2026-08-11 00:00:00,,,BLOCKED,0,"Non-JSON response, HTTP 403 | HTTP 403",0,0,50,0,0,0,0,0,0,0,0,0
2026-08-20 00:00:00,2026-08-20 13:24:00,250,NIFTY,2026-08-11 00:00:00,,,BLOCKED,0,"Non-JSON response, HTTP 403 | HTTP 403",0,0,50,0,0,0,0,0,0,0,0,0
2026-08-20 00:00:00,2026-08-20 13:25:00,251,NIFTY,2026-08-11 00:00:00,,,BLOCKED,0,"Non-JSON response, HTTP 403 | HTTP 403",0,0,50,0,0,0,0,0,0,0,0,0
2026-08-20 00:00:00,2026-08-20 13:26:00,252,NIFTY,2026-08-11 00:00:00,,,BLOCKED,0,"Non-JSON response, HTTP 403 | HTTP 403",0,0,50,0,0,0,0,0,0,0,0,0
2026-08-20 00:00:00,2026-08-20 13:27:00,253,NIFTY,2026-08-11 00:00:00,,,BLOCKED,0,"Non-JSON response, HTTP 403 | HTTP 403",0,0,50,0,0,0,0,0,0,0,0,0
2026-08-20 00:00:00,2026-08-20 13:28:00,254,NIFTY,2026-08-11 00:00:00,,,BLOCKED,0,"Non-JSON response, HTTP 403 | HTTP 403",0,0,50,0,0,0,0,0,0,0,0,0
2026-08-20 00:00:00,2026-08-20 13:29:00,255,NIFTY,2026-08-11 00:00:00,,,BLOCKED,0,"Non-JSON response, HTTP 403 | HTTP 403",0,0,50,0,0,0,0,0,0,0,0,0
2026-08-20 00:00:00,2026-08-20 13:30:00,256,NIFTY,2026-08-11 00:00:00,,,BLOCKED,0,"Non-JSON response, HTTP 403 | HTTP 403",0,0,50,0,0,0,0,0,0,0,0,0
2026-08-20 00:00:00,2026-08-20 13:31:00,257,NIFTY,2026-08-11 00:00:00,,,BLOCKED,0,"Non-JSON response, HTTP 403 | HTTP 403",0,0,50,0,0,0,0,0,0,0,0,0
2026-08-20 00:00:00,2026-08-20 13:32:00,258,NIFTY,2026-08-11 00:00:00,,,BLOCKED,0,"Non-JSON response, HTTP 403 | HTTP 403",0,0,50,0,0,0,0,0,0,0,0,0
2026-08-20 00:00:00,2026-08-20 13:33:00,259,NIFTY,2026-08-11 00:00:00,,,BLOCKED,0,"Non-JSON response, HTTP 403 | HTTP 403",0,0,50,0,0,0,0,0,0,0,0,0
2026-08-20 00:00:00,2026-08-20 13:34:00,260,NIFTY,2026-08-11 00:00:00,,,BLOCKED,0,"Non-JSON response, HTTP 403 | HTTP 403",0,0,50,0,0,0,0,0,0,0,0,0
2026-08-20 00:00:00,2026-08-20 13:35:00,261,NIFTY,2026-08-11 00:00:00,,,BLOCKED,0,"Non-JSON response, HTTP 403 | HTTP 403",0,0,50,0,0,0,0,0,0,0,0,0
2026-08-20 00:00:00,2026-08-20 13:36:00,262,NIFTY,2026-08-11 00:00:00,,,BLOCKED,0,"Non-JSON response, HTTP 403 | HTTP 403",0,0,50,0,0,0,0,0,0,0,0,0
2026-08-20 00:00:00,2026-08-20 13:37:00,263,NIFTY,2026-08-11 00:00:00,,,BLOCKED,0,"Non-JSON response, HTTP 403 | HTTP 403",0,0,50,0,0,0,0,0,0,0,0,0
2026-08-20 00:00:00,2026-08-20 13:38:00,264,NIFTY,2026-08-11 00:00:00,,,BLOCKED,0,"Non-JSON response, HTTP 403 | HTTP 403",0,0,50,0,0,0,0,0,0,0,0,0
2026-08-20 00:00:00,2026-08-20 13:39:00,265,NIFTY,2026-08-11 00:00:00,,,BLOCKED,0,"Non-JSON response, HTTP 403 | HTTP 403",0,0,50,0,0,0,0,0,0,0,0,0
2026-08-20 00:00:00,2026-08-20 13:40:00,266,NIFTY,2026-08-11 00:00:00,,,BLOCKED,0,"Non-JSON response, HTTP 403 | HTTP 403",0,0,50,0,0,0,0,0,0,0,0,0
2026-08-20 00:00:00,2026-08-20 13:41:00,267,NIFTY,2026-08-11 00:00:00,,,BLOCKED,0,"Non-JSON response, HTTP 403 | HTTP 403",0,0,50,0,0,0,0,0,0,0,0,0
2026-08-20 00:00:00,2026-08-20 13:42:00,268,NIFTY,2026-08-11 00:00:00,,,BLOCKED,0,"Non-JSON response, HTTP 403 | HTTP 403",0,0,50,0,0,0,0,0,0,0,0,0
2026-08-20 00:00:00,2026-08-20 13:44:00,269,NIFTY,2026-08-11 00:00:00,,,BLOCKED,0,"Non-JSON response, HTTP 403 | HTTP 403",0,0,50,0,0,0,0,0,0,0,0,0
2026-08-20 00:00:00,2026-08-20 13:44:00,270,NIFTY,2026-08-11 00:00:00,,,BLOCKED,0,"Non-JSON response, HTTP 403 | HTTP 403",0,0,50,0,0,0,0,0,0,0,0,0
2026-08-20 00:00:00,2026-08-20 13:45:00,271,NIFTY,2026-08-11 00:00:00,,,BLOCKED,0,"Non-JSON response, HTTP 403 | HTTP 403",0,0,50,0,0,0,0,0,0,0,0,0
2026-08-20 00:00:00,2026-08-20 13:46:00,272,NIFTY,2026-08-11 00:00:00,,,BLOCKED,0,"Non-JSON response, HTTP 403 | HTTP 403",0,0,50,0,0,0,0,0,0,0,0,0
2026-08-20 00:00:00,2026-08-20 13:47:00,273,NIFTY,2026-08-11 00:00:00,,,BLOCKED,0,"Non-JSON response, HTTP 403 | HTTP 403",0,0,50,0,0,0,0,0,0,0,0,0
2026-08-20 00:00:00,2026-08-20 13:48:00,274,NIFTY,2026-08-11 00:00:00,,,BLOCKED,0,"Non-JSON response, HTTP 403 | HTTP 403",0,0,50,0,0,0,0,0,0,0,0,0
2026-08-20 00:00:00,2026-08-20 13:49:00,275,NIFTY,2026-08-11 00:00:00,,,BLOCKED,0,"Non-JSON response, HTTP 403 | HTTP 403",0,0,50,0,0,0,0,0,0,0,0,0
2026-08-20 00:00:00,2026-08-20 13:50:00,276,NIFTY,2026-08-11 00:00:00,,,BLOCKED,0,"Non-JSON response, HTTP 403 | HTTP 403",0,0,50,0,0,0,0,0,0,0,0,0
2026-08-20 00:00:00,2026-08-20 13:51:00,277,NIFTY,2026-08-11 00:00:00,,,BLOCKED,0,"Non-JSON response, HTTP 403 | HTTP 403",0,0,50,0,0,0,0,0,0,0,0,0
2026-08-20 00:00:00,2026-08-20 13:52:00,278,NIFTY,2026-08-11 00:00:00,,,BLOCKED,0,"Non-JSON response, HTTP 403 | HTTP 403",0,0,50,0,0,0,0,0,0,0,0,0
2026-08-20 00:00:00,2026-08-20 13:53:00,279,NIFTY,2026-08-11 00:00:00,,,BLOCKED,0,"Non-JSON response, HTTP 403 | HTTP 403",0,0,50,0,0,0,0,0,0,0,0,0
2026-08-20 00:00:00,2026-08-20 13:54:00,280,NIFTY,2026-08-11 00:00:00,,,BLOCKED,0,"Non-JSON response, HTTP 403 | HTTP 403",0,0,50,0,0,0,0,0,0,0,0,0
2026-08-20 00:00:00,2026-08-20 13:55:00,281,NIFTY,2026-08-11 00:00:00,,,BLOCKED,0,"Non-JSON response, HTTP 403 | HTTP 403",0,0,50,0,0,0,0,0,0,0,0,0
2026-08-20 00:00:00,2026-08-20 13:56:00,282,NIFTY,2026-08-11 00:00:00,,,BLOCKED,0,"Non-JSON response, HTTP 403 | HTTP 403",0,0,50,0,0,0,0,0,0,0,0,0
2026-08-20 00:00:00,2026-08-20 13:57:00,283,NIFTY,2026-08-11 00:00:00,,,BLOCKED,0,"Non-JSON response, HTTP 403 | HTTP 403",0,0,50,0,0,0,0,0,0,0,0,0
2026-08-20 00:00:00,2026-08-20 13:58:00,284,NIFTY,2026-08-11 00:00:00,,,BLOCKED,0,"Non-JSON response, HTTP 403 | HTTP 403",0,0,50,0,0,0,0,0,0,0,0,0
2026-08-20 00:00:00,2026-08-20 13:59:00,285,NIFTY,2026-08-11 00:00:00,,,BLOCKED,0,"Non-JSON response, HTTP 403 | HTTP 403",0,0,50,0,0,0,0,0,0,0,0,0
2026-08-20 00:00:00,2026-08-20 14:00:00,286,NIFTY,2026-08-11 00:00:00,,,BLOCKED,0,"Non-JSON response, HTTP 403 | HTTP 403",0,0,50,0,0,0,0,0,0,0,0,0
2026-08-20 00:00:00,2026-08-20 14:01:00,287,NIFTY,2026-08-11 00:00:00,,,BLOCKED,0,"Non-JSON response, HTTP 403 | HTTP 403",0,0,50,0,0,0,0,0,0,0,0,0
2026-08-20 00:00:00,2026-08-20 14:02:00,288,NIFTY,2026-08-11 00:00:00,,,BLOCKED,0,"Non-JSON response, HTTP 403 | HTTP 403",0,0,50,0,0,0,0,0,0,0,0,0
2026-08-20 00:00:00,2026-08-20 14:03:00,289,NIFTY,2026-08-11 00:00:00,,,BLOCKED,0,"Non-JSON response, HTTP 403 | HTTP 403",0,0,50,0,0,0,0,0,0,0,0,0
2026-08-20 00:00:00,2026-08-20 14:04:00,290,NIFTY,2026-08-11 00:00:00,,,BLOCKED,0,"Non-JSON response, HTTP 403 | HTTP 403",0,0,50,0,0,0,0,0,0,0,0,0
2026-08-20 00:00:00,2026-08-20 14:05:00,291,NIFTY,2026-08-11 00:00:00,,,BLOCKED,0,"Non-JSON response, HTTP 403 | HTTP 403",0,0,50,0,0,0,0,0,0,0,0,0
2026-08-20 00:00:00,2026-08-20 14:06:00,292,NIFTY,2026-08-11 00:00:00,,,BLOCKED,0,"Non-JSON response, HTTP 403 | HTTP 403",0,0,50,0,0,0,0,0,0,0,0,0
2026-08-20 00:00:00,2026-08-20 14:07:00,293,NIFTY,2026-08-11 00:00:00,,,BLOCKED,0,"Non-JSON response, HTTP 403 | HTTP 403",0,0,50,0,0,0,0,0,0,0,0,0
2026-08-20 00:00:00,2026-08-20 14:08:00,294,NIFTY,2026-08-11 00:00:00,,,BLOCKED,0,"Non-JSON response, HTTP 403 | HTTP 403",0,0,50,0,0,0,0,0,0,0,0,0
2026-08-20 00:00:00,2026-08-20 14:09:00,295,NIFTY,2026-08-11 00:00:00,,,BLOCKED,0,"Non-JSON response, HTTP 403 | HTTP 403",0,0,50,0,0,0,0,0,0,0,0,0
2026-08-20 00:00:00,2026-08-20 14:10:00,296,NIFTY,2026-08-11 00:00:00,,,BLOCKED,0,"Non-JSON response, HTTP 403 | HTTP 403",0,0,50,0,0,0,0,0,0,0,0,0
2026-08-20 00:00:00,2026-08-20 14:11:00,297,NIFTY,2026-08-11 00:00:00,,,BLOCKED,0,"Non-JSON response, HTTP 403 | HTTP 403",0,0,50,0,0,0,0,0,0,0,0,0
2026-08-20 00:00:00,2026-08-20 14:12:00,298,NIFTY,2026-08-11 00:00:00,,,BLOCKED,0,"Non-JSON response, HTTP 403 | HTTP 403",0,0,50,0,0,0,0,0,0,0,0,0
2026-08-20 00:00:00,2026-08-20 14:13:00,299,NIFTY,2026-08-11 00:00:00,,,BLOCKED,0,"Non-JSON response, HTTP 403 | HTTP 403",0,0,50,0,0,0,0,0,0,0,0,0
2026-08-20 00:00:00,2026-08-20 14:14:00,300,NIFTY,2026-08-11 00:00:00,,,BLOCKED,0,"Non-JSON response, HTTP 403 | HTTP 403",0,0,50,0,0,0,0,0,0,0,0,0
2026-08-20 00:00:00,2026-08-20 14:15:00,301,NIFTY,2026-08-11 00:00:00,,,BLOCKED,0,"Non-JSON response, HTTP 403 | HTTP 403",0,0,50,0,0,0,0,0,0,0,0,0
2026-08-20 00:00:00,2026-08-20 14:16:00,302,NIFTY,2026-08-11 00:00:00,,,BLOCKED,0,"Non-JSON response, HTTP 403 | HTTP 403",0,0,50,0,0,0,0,0,0,0,0,0
2026-08-20 00:00:00,2026-08-20 14:17:00,303,NIFTY,2026-08-11 00:00:00,,,BLOCKED,0,"Non-JSON response, HTTP 403 | HTTP 403",0,0,50,0,0,0,0,0,0,0,0,0
2026-08-20 00:00:00,2026-08-20 14:18:00,304,NIFTY,2026-08-11 00:00:00,,,BLOCKED,0,"Non-JSON response, HTTP 403 | HTTP 403",0,0,50,0,0,0,0,0,0,0,0,0
2026-08-20 00:00:00,2026-08-20 14:19:00,305,NIFTY,2026-08-11 00:00:00,,,BLOCKED,0,"Non-JSON response, HTTP 403 | HTTP 403",0,0,50,0,0,0,0,0,0,0,0,0
2026-08-20 00:00:00,2026-08-20 14:20:00,306,NIFTY,2026-08-11 00:00:00,,,BLOCKED,0,"Non-JSON response, HTTP 403 | HTTP 403",0,0,50,0,0,0,0,0,0,0,0,0
2026-08-20 00:00:00,2026-08-20 14:21:00,307,NIFTY,2026-08-11 00:00:00,,,BLOCKED,0,"Non-JSON response, HTTP 403 | HTTP 403",0,0,50,0,0,0,0,0,0,0,0,0
2026-08-20 00:00:00,2026-08-20 14:22:00,308,NIFTY,2026-08-11 00:00:00,,,BLOCKED,0,"Non-JSON response, HTTP 403 | HTTP 403",0,0,50,0,0,0,0,0,0,0,0,0
2026-08-20 00:00:00,2026-08-20 14:23:00,309,NIFTY,2026-08-11 00:00:00,,,BLOCKED,0,"Non-JSON response, HTTP 403 | HTTP 403",0,0,50,0,0,0,0,0,0,0,0,0
2026-08-20 00:00:00,2026-08-20 14:24:00,310,NIFTY,2026-08-11 00:00:00,,,BLOCKED,0,"Non-JSON response, HTTP 403 | HTTP 403",0,0,50,0,0,0,0,0,0,0,0,0
2026-08-20 00:00:00,2026-08-20 14:25:00,311,NIFTY,2026-08-11 00:00:00,,,BLOCKED,0,"Non-JSON response, HTTP 403 | HTTP 403",0,0,50,0,0,0,0,0,0,0,0,0
2026-08-20 00:00:00,2026-08-20 14:26:00,312,NIFTY,2026-08-11 00:00:00,,,BLOCKED,0,"Non-JSON response, HTTP 403 | HTTP 403",0,0,50,0,0,0,0,0,0,0,0,0
2026-08-20 00:00:00,2026-08-20 14:27:00,313,NIFTY,2026-08-11 00:00:00,,,BLOCKED,0,"Non-JSON response, HTTP 403 | HTTP 403",0,0,50,0,0,0,0,0,0,0,0,0
2026-08-20 00:00:00,2026-08-20 14:28:00,314,NIFTY,2026-08-11 00:00:00,,,BLOCKED,0,"Non-JSON response, HTTP 403 | HTTP 403",0,0,50,0,0,0,0,0,0,0,0,0
2026-08-20 00:00:00,2026-08-20 14:29:00,315,NIFTY,2026-08-11 00:00:00,,,BLOCKED,0,"Non-JSON response, HTTP 403 | HTTP 403",0,0,50,0,0,0,0,0,0,0,0,0
2026-08-20 00:00:00,2026-08-20 14:30:00,316,NIFTY,2026-08-11 00:00:00,,,BLOCKED,0,"Non-JSON response, HTTP 403 | HTTP 403",0,0,50,0,0,0,0,0,0,0,0,0
2026-08-20 00:00:00,2026-08-20 14:31:00,317,NIFTY,2026-08-11 00:00:00,,,BLOCKED,0,"Non-JSON response, HTTP 403 | HTTP 403",0,0,50,0,0,0,0,0,0,0,0,0
2026-08-20 00:00:00,2026-08-20 14:32:00,318,NIFTY,2026-08-11 00:00:00,,,BLOCKED,0,"Non-JSON response, HTTP 403 | HTTP 403",0,0,50,0,0,0,0,0,0,0,0,0
2026-08-20 00:00:00,2026-08-20 14:33:00,319,NIFTY,2026-08-11 00:00:00,,,BLOCKED,0,"Non-JSON response, HTTP 403 | HTTP 403",0,0,50,0,0,0,0,0,0,0,0,0
2026-08-20 00:00:00,2026-08-20 14:34:00,320,NIFTY,2026-08-11 00:00:00,,,BLOCKED,0,"Non-JSON response, HTTP 403 | HTTP 403",0,0,50,0,0,0,0,0,0,0,0,0
2026-08-20 00:00:00,2026-08-20 14:35:00,321,NIFTY,2026-08-11 00:00:00,,,BLOCKED,0,"Non-JSON response, HTTP 403 | HTTP 403",0,0,50,0,0,0,0,0,0,0,0,0
2026-08-20 00:00:00,2026-08-20 14:36:00,322,NIFTY,2026-08-11 00:00:00,,,BLOCKED,0,"Non-JSON response, HTTP 403 | HTTP 403",0,0,50,0,0,0,0,0,0,0,0,0
2026-08-20 00:00:00,2026-08-20 14:37:00,323,NIFTY,2026-08-11 00:00:00,,,BLOCKED,0,"Non-JSON response, HTTP 403 | HTTP 403",0,0,50,0,0,0,0,0,0,0,0,0
2026-08-20 00:00:00,2026-08-20 14:38:00,324,NIFTY,2026-08-11 00:00:00,,,BLOCKED,0,"Non-JSON response, HTTP 403 | HTTP 403",0,0,50,0,0,0,0,0,0,0,0,0
2026-08-20 00:00:00,2026-08-20 14:39:00,325,NIFTY,2026-08-11 00:00:00,,,BLOCKED,0,"Non-JSON response, HTTP 403 | HTTP 403",0,0,50,0,0,0,0,0,0,0,0,0
2026-08-20 00:00:00,2026-08-20 14:40:00,326,NIFTY,2026-08-11 00:00:00,,,BLOCKED,0,"Non-JSON response, HTTP 403 | HTTP 403",0,0,50,0,0,0,0,0,0,0,0,0
2026-08-20 00:00:00,2026-08-20 14:41:00,327,NIFTY,2026-08-11 00:00:00,,,BLOCKED,0,"Non-JSON response, HTTP 403 | HTTP 403",0,0,50,0,0,0,0,0,0,0,0,0
2026-08-20 00:00:00,2026-08-20 14:42:00,328,NIFTY,2026-08-11 00:00:00,,,BLOCKED,0,"Non-JSON response, HTTP 403 | HTTP 403",0,0,50,0,0,0,0,0,0,0,0,0
2026-08-20 00:00:00,2026-08-20 14:43:00,329,NIFTY,2026-08-11 00:00:00,,,BLOCKED,0,"Non-JSON response, HTTP 403 | HTTP 403",0,0,50,0,0,0,0,0,0,0,0,0
2026-08-20 00:00:00,2026-08-20 14:44:00,330,NIFTY,2026-08-11 00:00:00,,,BLOCKED,0,"Non-JSON response, HTTP 403 | HTTP 403",0,0,50,0,0,0,0,0,0,0,0,0
2026-08-20 00:00:00,2026-08-20 14:45:00,331,NIFTY,2026-08-11 00:00:00,,,BLOCKED,0,"Non-JSON response, HTTP 403 | HTTP 403",0,0,50,0,0,0,0,0,0,0,0,0
2026-08-20 00:00:00,2026-08-20 14:46:00,332,NIFTY,2026-08-11 00:00:00,,,BLOCKED,0,"Non-JSON response, HTTP 403 | HTTP 403",0,0,50,0,0,0,0,0,0,0,0,0
2026-08-20 00:00:00,2026-08-20 14:47:00,333,NIFTY,2026-08-11 00:00:00,,,BLOCKED,0,"Non-JSON response, HTTP 403 | HTTP 403",0,0,50,0,0,0,0,0,0,0,0,0
2026-08-20 00:00:00,2026-08-20 14:48:00,334,NIFTY,2026-08-11 00:00:00,,,BLOCKED,0,"Non-JSON response, HTTP 403 | HTTP 403",0,0,50,0,0,0,0,0,0,0,0,0
2026-08-20 00:00:00,2026-08-20 14:49:00,335,NIFTY,2026-08-11 00:00:00,,,BLOCKED,0,"Non-JSON response, HTTP 403 | HTTP 403",0,0,50,0,0,0,0,0,0,0,0,0
2026-08-20 00:00:00,2026-08-20 14:50:00,336,NIFTY,2026-08-11 00:00:00,,,BLOCKED,0,"Non-JSON response, HTTP 403 | HTTP 403",0,0,50,0,0,0,0,0,0,0,0,0
2026-08-20 00:00:00,2026-08-20 14:51:00,337,NIFTY,2026-08-11 00:00:00,,,BLOCKED,0,"Non-JSON response, HTTP 403 | HTTP 403",0,0,50,0,0,0,0,0,0,0,0,0
2026-08-20 00:00:00,2026-08-20 14:52:00,338,NIFTY,2026-08-11 00:00:00,,,BLOCKED,0,"Non-JSON response, HTTP 403 | HTTP 403",0,0,50,0,0,0,0,0,0,0,0,0
2026-08-20 00:00:00,2026-08-20 14:53:00,339,NIFTY,2026-08-11 00:00:00,,,BLOCKED,0,"Non-JSON response, HTTP 403 | HTTP 403",0,0,50,0,0,0,0,0,0,0,0,0
2026-08-20 00:00:00,2026-08-20 14:54:00,340,NIFTY,2026-08-11 00:00:00,,,BLOCKED,0,"Non-JSON response, HTTP 403 | HTTP 403",0,0,50,0,0,0,0,0,0,0,0,0
2026-08-20 00:00:00,2026-08-20 14:55:00,341,NIFTY,2026-08-11 00:00:00,,,BLOCKED,0,"Non-JSON response, HTTP 403 | HTTP 403",0,0,50,0,0,0,0,0,0,0,0,0
2026-08-20 00:00:00,2026-08-20 14:56:00,342,NIFTY,2026-08-11 00:00:00,,,BLOCKED,0,"Non-JSON response, HTTP 403 | HTTP 403",0,0,50,0,0,0,0,0,0,0,0,0
2026-08-20 00:00:00,2026-08-20 14:57:00,343,NIFTY,2026-08-11 00:00:00,,,BLOCKED,0,"Non-JSON response, HTTP 403 | HTTP 403",0,0,50,0,0,0,0,0,0,0,0,0
2026-08-20 00:00:00,2026-08-20 14:58:00,344,NIFTY,2026-08-11 00:00:00,,,BLOCKED,0,"Non-JSON response, HTTP 403 | HTTP 403",0,0,50,0,0,0,0,0,0,0,0,0
2026-08-20 00:00:00,2026-08-20 14:59:00,345,NIFTY,2026-08-11 00:00:00,,,BLOCKED,0,"Non-JSON response, HTTP 403 | HTTP 403",0,0,50,0,0,0,0,0,0,0,0,0
2026-08-20 00:00:00,2026-08-20 15:00:00,346,NIFTY,2026-08-11 00:00:00,,,BLOCKED,0,"Non-JSON response, HTTP 403 | HTTP 403",0,0,50,0,0,0,0,0,0,0,0,0
2026-08-20 00:00:00,2026-08-20 15:01:00,347,NIFTY,2026-08-11 00:00:00,,,BLOCKED,0,"Non-JSON response, HTTP 403 | HTTP 403",0,0,50,0,0,0,0,0,0,0,0,0
2026-08-20 00:00:00,2026-08-20 15:02:00,348,NIFTY,2026-08-11 00:00:00,,,BLOCKED,0,"Non-JSON response, HTTP 403 | HTTP 403",0,0,50,0,0,0,0,0,0,0,0,0
2026-08-20 00:00:00,2026-08-20 15:03:00,349,NIFTY,2026-08-11 00:00:00,,,BLOCKED,0,"Non-JSON response, HTTP 403 | HTTP 403",0,0,50,0,0,0,0,0,0,0,0,0
2026-08-20 00:00:00,2026-08-20 15:04:00,350,NIFTY,2026-08-11 00:00:00,,,BLOCKED,0,"Non-JSON response, HTTP 403 | HTTP 403",0,0,50,0,0,0,0,0,0,0,0,0
2026-08-20 00:00:00,2026-08-20 15:05:00,351,NIFTY,2026-08-11 00:00:00,,,BLOCKED,0,"Non-JSON response, HTTP 403 | HTTP 403",0,0,50,0,0,0,0,0,0,0,0,0
2026-08-20 00:00:00,2026-08-20 15:06:00,352,NIFTY,2026-08-11 00:00:00,,,BLOCKED,0,"Non-JSON response, HTTP 403 | HTTP 403",0,0,50,0,0,0,0,0,0,0,0,0
2026-08-20 00:00:00,2026-08-20 15:07:00,353,NIFTY,2026-08-11 00:00:00,,,BLOCKED,0,"Non-JSON response, HTTP 403 | HTTP 403",0,0,50,0,0,0,0,0,0,0,0,0
2026-08-20 00:00:00,2026-08-20 15:08:00,354,NIFTY,2026-08-11 00:00:00,,,BLOCKED,0,"Non-JSON response, HTTP 403 | HTTP 403",0,0,50,0,0,0,0,0,0,0,0,0
2026-08-20 00:00:00,2026-08-20 15:09:00,355,NIFTY,2026-08-11 00:00:00,,,BLOCKED,0,"Non-JSON response, HTTP 403 | HTTP 403",0,0,50,0,0,0,0,0,0,0,0,0
2026-08-20 00:00:00,2026-08-20 15:10:00,356,NIFTY,2026-08-11 00:00:00,,,BLOCKED,0,"Non-JSON response, HTTP 403 | HTTP 403",0,0,50,0,0,0,0,0,0,0,0,0
2026-08-20 00:00:00,2026-08-20 15:11:00,357,NIFTY,2026-08-11 00:00:00,,,BLOCKED,0,"Non-JSON response, HTTP 403 | HTTP 403",0,0,50,0,0,0,0,0,0,0,0,0
2026-08-20 00:00:00,2026-08-20 15:12:00,358,NIFTY,2026-08-11 00:00:00,,,BLOCKED,0,"Non-JSON response, HTTP 403 | HTTP 403",0,0,50,0,0,0,0,0,0,0,0,0
2026-08-20 00:00:00,2026-08-20 15:13:00,359,NIFTY,2026-08-11 00:00:00,,,BLOCKED,0,"Non-JSON response, HTTP 403 | HTTP 403",0,0,50,0,0,0,0,0,0,0,0,0
2026-08-20 00:00:00,2026-08-20 15:14:00,360,NIFTY,2026-08-11 00:00:00,,,BLOCKED,0,"Non-JSON response, HTTP 403 | HTTP 403",0,0,50,0,0,0,0,0,0,0,0,0
2026-08-20 00:00:00,2026-08-20 15:15:00,361,NIFTY,2026-08-11 00:00:00,,,BLOCKED,0,"Non-JSON response, HTTP 403 | HTTP 403",0,0,50,0,0,0,0,0,0,0,0,0
2026-08-20 00:00:00,2026-08-20 15:16:00,362,NIFTY,2026-08-11 00:00:00,,,BLOCKED,0,"Non-JSON response, HTTP 403 | HTTP 403",0,0,50,0,0,0,0,0,0,0,0,0
2026-08-20 00:00:00,2026-08-20 15:17:00,363,NIFTY,2026-08-11 00:00:00,,,BLOCKED,0,"Non-JSON response, HTTP 403 | HTTP 403",0,0,50,0,0,0,0,0,0,0,0,0
2026-08-20 00:00:00,2026-08-20 15:18:00,364,NIFTY,2026-08-11 00:00:00,,,BLOCKED,0,"Non-JSON response, HTTP 403 | HTTP 403",0,0,50,0,0,0,0,0,0,0,0,0
2026-08-20 00:00:00,2026-08-20 15:19:00,365,NIFTY,2026-08-11 00:00:00,,,BLOCKED,0,"Non-JSON response, HTTP 403 | HTTP 403",0,0,50,0,0,0,0,0,0,0,0,0
2026-08-20 00:00:00,2026-08-20 15:20:00,366,NIFTY,2026-08-11 00:00:00,,,BLOCKED,0,"Non-JSON response, HTTP 403 | HTTP 403",0,0,50,0,0,0,0,0,0,0,0,0
2026-08-20 00:00:00,2026-08-20 15:21:00,367,NIFTY,2026-08-11 00:00:00,,,BLOCKED,0,"Non-JSON response, HTTP 403 | HTTP 403",0,0,50,0,0,0,0,0,0,0,0,0
2026-08-20 00:00:00,2026-08-20 15:22:00,368,NIFTY,2026-08-11 00:00:00,,,BLOCKED,0,"Non-JSON response, HTTP 403 | HTTP 403",0,0,50,0,0,0,0,0,0,0,0,0
2026-08-20 00:00:00,2026-08-20 15:23:00,369,NIFTY,2026-08-11 00:00:00,,,BLOCKED,0,"Non-JSON response, HTTP 403 | HTTP 403",0,0,50,0,0,0,0,0,0,0,0,0
2026-08-20 00:00:00,2026-08-20 15:24:00,370,NIFTY,2026-08-11 00:00:00,,,BLOCKED,0,"Non-JSON response, HTTP 403 | HTTP 403",0,0,50,0,0,0,0,0,0,0,0,0
2026-08-20 00:00:00,2026-08-20 15:25:00,371,NIFTY,2026-08-11 00:00:00,,,BLOCKED,0,"Non-JSON response, HTTP 403 | HTTP 403",0,0,50,0,0,0,0,0,0,0,0,0
2026-08-20 00:00:00,2026-08-20 15:26:00,372,NIFTY,2026-08-11 00:00:00,,,BLOCKED,0,"Non-JSON response, HTTP 403 | HTTP 403",0,0,50,0,0,0,0,0,0,0,0,0
2026-08-20 00:00:00,2026-08-20 15:27:00,373,NIFTY,2026-08-11 00:00:00,,,BLOCKED,0,"Non-JSON response, HTTP 403 | HTTP 403",0,0,50,0,0,0,0,0,0,0,0,0
2026-08-20 00:00:00,2026-08-20 15:28:00,374,NIFTY,2026-08-11 00:00:00,,,BLOCKED,0,"Non-JSON response, HTTP 403 | HTTP 403",0,0,50,0,0,0,0,0,0,0,0,0
2026-08-20 00:00:00,2026-08-20 15:29:00,375,NIFTY,2026-08-11 00:00:00,,,BLOCKED,0,"Non-JSON response, HTTP 403 | HTTP 403",0,0,50,0,0,0,0,0,0,0,0,0
2026-08-20 00:00:00,2026-08-20 15:30:00,376,NIFTY,2026-08-11 00:00:00,,,BLOCKED,0,"Non-JSON response, HTTP 403 | HTTP 403",0,0,50,0,0,0,0,0,0,0,0,0
2026-08-20 00:00:00,2026-08-20 15:31:00,377,NIFTY,2026-08-11 00:00:00,,,BLOCKED,0,"Non-JSON response, HTTP 403 | HTTP 403",0,0,50,0,0,0,0,0,0,0,0,0
2026-08-20 00:00:00,2026-08-20 15:32:00,378,NIFTY,2026-08-11 00:00:00,,,BLOCKED,0,"Non-JSON response, HTTP 403 | HTTP 403",0,0,50,0,0,0,0,0,0,0,0,0